pair_id,fieldsite,clean_response1,category1,response_site1,clean_response2,category2,response_site2,date,collect_time
0,castro_res,diverse,diverse,castro,bro,normative,marina,11/14/2025,15:20:51
1,castro_res,gay,gay,castro,straight,normative,marina,11/14/2025,15:24:01
2,castro_res,gay,gay,castro,white,normative,marina,11/14/2025,15:35:56
3,castro_res,unique,other,castro,expensive,gentrified,marina,11/14/2025,15:37:37
4,castro_res,colorful,diverse,castro,upscale,gentrified,marina,11/14/2025,16:05:23
5,castro_res,home,community,castro,young,young,marina,11/14/2025,16:06:02
6,castro_res,vibrant,fun,castro,boring,boring,marina,11/14/2025,16:06:11
7,castro_res,gay,gay,castro,preppy,gentrified,marina,11/14/2025,16:06:40
8,castro_res,fun,fun,castro,bad,bad,marina,11/14/2025,16:07:11
9,castro_res,unique,other,castro,stale,boring,marina,11/14/2025,16:07:48
10,castro_res,lively,fun,castro,antitask,antitask,marina,11/14/2025,16:08:30
11,castro_res,lacking,boring,castro,cold,boring,marina,11/14/2025,16:09:06
12,castro_res,diverse,diverse,castro,antitask,antitask,marina,11/14/2025,16:10:02
13,castro_res,vibrant,fun,castro,bougie,gentrified,marina,11/14/2025,16:10:39
14,castro_res,vibrant,fun,castro,white,normative,marina,11/14/2025,16:10:57
15,castro_res,fun,fun,castro,antitask,antitask,marina,11/14/2025,16:13:27
16,castro_res,open,open,castro,beautiful,nice,marina,11/14/2025,16:14:00
17,castro_res,fabulous,gay,castro,bro,normative,marina,11/14/2025,16:14:08
18,castro_res,fun,fun,castro,yuppie,other,marina,11/14/2025,16:15:55
19,castro_res,community,community,castro,antitask,antitask,marina,11/14/2025,16:16:19
20,castro_res,queer,gay,castro,young,young,marina,11/14/2025,16:16:25
21,castro_res,vibrant,fun,castro,tourists,other,marina,11/14/2025,16:17:32
22,castro_res,different,diverse,castro,antitask,antitask,marina,11/14/2025,16:20:15
23,castro_res,diverse,diverse,castro,sophisticated,gentrified,marina,11/14/2025,16:20:30
24,castro_res,nice,nice,castro,antitask,antitask,marina,11/14/2025,16:22:46
25,castro_res,gay,gay,castro,money,gentrified,marina,11/14/2025,16:23:56
26,castro_res,cool,nice,castro,expensive,gentrified,marina,11/14/2025,16:25:32
27,castro_res,vibrant,fun,castro,antitask,antitask,marina,11/14/2025,16:26:38
28,castro_res,gay,gay,castro,restaurants,other,marina,11/14/2025,16:26:39
29,castro_res,fun,fun,castro,rich,gentrified,marina,11/14/2025,16:28:04
30,castro_res,great,fun,castro,white,normative,marina,11/14/2025,16:28:12
31,castro_res,fantastic,fun,castro,antitask,antitask,marina,11/14/2025,16:28:45
32,castro_res,bizarre,special,castro,antitask,antitask,marina,11/14/2025,16:29:58
33,castro_res,community,community,castro,young,young,marina,11/14/2025,16:30:11
34,castro_res,home,community,castro,fishy,normative,marina,11/14/2025,16:30:52
35,castro_res,gay,gay,castro,snotty,gentrified,marina,11/14/2025,16:32:19
36,castro_res,vibrant,fun,castro,antitask,antitask,marina,11/14/2025,16:33:00
37,castro_res,happy,nice,castro,tragic,bad,marina,11/14/2025,16:33:26
38,castro_res,predictable,normative,castro,dull,boring,marina,11/14/2025,16:33:45
39,castro_res,community,community,castro,not_community,other,marina,11/14/2025,16:38:15
40,castro_res,gay,gay,castro,college,young,marina,11/14/2025,16:38:16
41,castro_res,fake,bad,castro,fake,bad,marina,11/14/2025,16:39:00
42,castro_res,home,community,castro,far,geography,marina,11/14/2025,16:39:13
43,castro_res,warm,nice,castro,cold,boring,marina,11/14/2025,16:39:37
44,castro_res,beautiful,nice,castro,beautiful,nice,marina,11/14/2025,16:41:08
45,castro_res,eclectic,special,castro,posh,gentrified,marina,11/14/2025,16:41:28
46,castro_res,home,community,castro,toxic,bad,marina,11/14/2025,16:44:22
47,castro_res,friendly,other,castro,conformist,normative,marina,11/14/2025,16:45:21
48,castro_res,vibrant,fun,castro,snotty,gentrified,marina,11/14/2025,16:45:23
49,castro_res,gay,gay,castro,boring,boring,marina,11/14/2025,16:46:04
50,castro_res,home,community,castro,sinking,geography,marina,11/14/2025,16:46:25
51,castro_res,community,community,castro,busy,chaotic,marina,11/14/2025,16:47:23
52,castro_res,old,other,castro,cold,boring,marina,11/14/2025,16:50:01
53,castro_res,fun,fun,castro,na,antitask,marina,11/14/2025,16:50:05
54,castro_res,lively,fun,castro,slutty,sexual,marina,11/14/2025,16:51:48
55,castro_res,colorful,diverse,castro,upscale,gentrified,marina,11/14/2025,16:52:23
56,castro_res,pleasant,nice,castro,scenic,other,marina,11/14/2025,16:52:28
57,castro_res,interesting,special,castro,posh,gentrified,marina,11/14/2025,16:54:20
58,castro_res,fun,fun,castro,bougie,gentrified,marina,11/14/2025,16:54:28
59,castro_res,vibrant,fun,castro,architecture,institutions,marina,11/14/2025,16:55:56
60,castro_res,different,diverse,castro,yuppie,other,marina,11/14/2025,16:57:09
61,castro_res,wonderful,fun,castro,posh,gentrified,marina,11/14/2025,16:58:26
62,castro_res,original,special,castro,beautiful,nice,marina,11/14/2025,16:58:31
63,castro_res,vibrant,fun,castro,preppies,gentrified,marina,11/14/2025,17:00:02
64,castro_res,vibrant,fun,castro,no!,antitask,marina,11/14/2025,17:00:10
65,castro_res,lively,fun,castro,antitask,antitask,marina,11/14/2025,17:00:52
66,castro_res,vibrant,fun,castro,interesting,special,marina,11/14/2025,17:00:55
67,castro_res,education,institutions,castro,antitask,antitask,marina,11/14/2025,17:01:58
68,castro_res,gay,gay,castro,raw,gritty,marina,11/14/2025,17:02:42
69,castro_res,fun,fun,castro,antitask,antitask,marina,11/14/2025,17:03:22
70,castro_res,cute,nice,castro,bro-y,normative,marina,11/14/2025,17:03:38
71,castro_res,gay,gay,castro,bougie,gentrified,marina,11/14/2025,17:04:56
72,castro_res,expressive,fun,castro,mellow,nice,marina,11/14/2025,17:05:35
73,castro_res,gay,gay,castro,straight,normative,marina,11/14/2025,17:06:53
74,castro_res,safe,nice,castro,fun,fun,marina,11/14/2025,17:08:50
75,castro_res,antitask,antitask,castro,boring,boring,marina,11/14/2025,17:10:48
76,castro_res,welcoming,community,castro,antitask,antitask,marina,11/14/2025,17:10:51
77,castro_res,clean,nice,castro,antitask,antitask,marina,11/14/2025,17:11:30
78,castro_res,changed,change,castro,monolithic,other,marina,11/14/2025,17:12:13
79,castro_res,variety,diverse,castro,blonde,normative,marina,11/14/2025,17:12:17
80,marina_res,neighborly,community,marina,antitask,antitask,castro,11/17/2025,16:41:13
81,marina_res,upscale,gentrified,marina,gay,gay,castro,11/17/2025,16:44:06
82,marina_res,fun,fun,marina,great,fun,castro,11/17/2025,16:46:08
83,marina_res,buttheads,bad,marina,gay,gay,castro,11/17/2025,16:49:35
84,marina_res,flat,geography,marina,hilly,geography,castro,11/17/2025,16:53:22
85,marina_res,marina,geography,marina,castro,geography,castro,11/17/2025,16:59:55
86,marina_res,upscale,gentrified,marina,wonderful,fun,castro,11/17/2025,17:04:07
87,marina_res,cold,boring,marina,fun,fun,castro,11/17/2025,17:19:20
88,marina_res,sea,geography,marina,valley,geography,castro,11/17/2025,17:20:41
89,marina_res,finance,gentrified,marina,gay,gay,castro,11/17/2025,17:27:26
90,marina_res,family,community,marina,antitask,antitask,castro,11/17/2025,17:29:00
91,marina_res,bougie,gentrified,marina,gay,gay,castro,11/17/2025,17:30:44
92,marina_res,young,young,marina,gay,gay,castro,11/17/2025,17:32:20
93,marina_res,homogenous,normative,marina,progressive,open,castro,11/17/2025,17:34:05
94,marina_res,cosy,nice,marina,antitask,antitask,castro,11/17/2025,17:38:07
95,marina_res,positive,nice,marina,lively,fun,castro,11/17/2025,17:39:16
96,marina_res,lively,fun,marina,antitask,antitask,castro,11/17/2025,17:40:51
97,marina_res,fun,fun,marina,fun,fun,castro,11/17/2025,17:42:33
98,marina_res,beautiful,nice,marina,vibrant,fun,castro,11/17/2025,17:43:47
99,marina_res,silly,other,marina,antitask,antitask,castro,11/17/2025,17:45:29
100,marina_res,fun,fun,marina,antitask,antitask,castro,11/17/2025,17:45:43
101,marina_res,fancy,gentrified,marina,antitask,antitask,castro,11/17/2025,17:47:14
102,marina_res,frat,other,marina,fun,fun,castro,11/17/2025,17:47:37
103,marina_res,harbor,geography,marina,neighborhood,community,castro,11/17/2025,17:50:22
104,marina_res,stereotypical,normative,marina,antitask,antitask,castro,11/17/2025,17:53:15
105,marina_res,eclectic,special,marina,old,other,castro,11/17/2025,17:54:17
106,marina_res,nice,nice,marina,unique,other,castro,11/17/2025,17:54:53
107,marina_res,expensive,gentrified,marina,vibrant,fun,castro,11/19/2025,14:47:15
108,marina_res,amazing,fun,marina,great,fun,castro,11/19/2025,14:49:30
109,marina_res,pretentious,gentrified,marina,gay,gay,castro,11/19/2025,14:50:12
110,marina_res,coziness,nice,marina,antitask,antitask,castro,11/19/2025,14:51:25
111,marina_res,chilly,weather,marina,antitask,antitask,castro,11/19/2025,14:53:39
112,marina_res,youthful,young,marina,changing,change,castro,11/19/2025,14:53:47
113,marina_res,young,young,marina,gay,gay,castro,11/19/2025,14:54:13
114,marina_res,energetic,fun,marina,colorful,diverse,castro,11/19/2025,14:55:46
115,marina_res,yuppie,other,marina,gay,gay,castro,11/19/2025,14:56:36
116,marina_res,bougie,gentrified,marina,gay,gay,castro,11/19/2025,14:57:16
117,marina_res,dog,institutions,marina,antitask,antitask,castro,11/19/2025,15:01:30
118,marina_res,varied,diverse,marina,beautiful,nice,castro,11/19/2025,15:03:26
119,marina_res,yuppie,other,marina,antitask,antitask,castro,11/19/2025,15:05:20
120,marina_res,basic,normative,marina,dance,fun,castro,11/19/2025,15:07:40
121,marina_res,gorgeous,nice,marina,busy,chaotic,castro,11/19/2025,15:08:03
122,marina_res,teaming,chaotic,marina,colorful,diverse,castro,11/19/2025,15:08:45
123,marina_res,upper_middle_class,gentrified,marina,gay,gay,castro,11/19/2025,15:08:49
124,marina_res,social,community,marina,antitask,antitask,castro,11/19/2025,15:10:17
125,marina_res,transplant,gentrified,marina,colorful,diverse,castro,11/19/2025,15:10:35
126,marina_res,ehhh,boring,marina,better,other,castro,11/19/2025,15:11:20
127,marina_res,energetic,fun,marina,vibrant,fun,castro,11/19/2025,15:11:55
128,marina_res,buzzy,fun,marina,spicy,diverse,castro,11/19/2025,15:14:31
129,marina_res,affluent,gentrified,marina,gay,gay,castro,11/19/2025,15:15:39
130,marina_res,eclectic,special,marina,fun,fun,castro,11/19/2025,15:15:41
131,marina_res,terrifying,bad,marina,sad,boring,castro,11/19/2025,15:17:15
132,marina_res,active,fun,marina,friendly,other,castro,11/19/2025,15:18:02
133,marina_res,walkable,actions,marina,antitask,antitask,castro,11/19/2025,15:18:57
134,marina_res,unhinged,chaotic,marina,fun,fun,castro,11/19/2025,15:20:09
135,marina_res,privileged,gentrified,marina,gay,gay,castro,11/19/2025,15:20:45
136,marina_res,flat,geography,marina,antitask,antitask,castro,11/19/2025,15:22:22
137,marina_res,cool,nice,marina,cool,nice,castro,11/19/2025,15:23:24
138,marina_res,lovely,nice,marina,antitask,antitask,castro,11/19/2025,15:24:23
139,marina_res,lively,fun,marina,antitask,antitask,castro,11/19/2025,15:25:22
140,marina_res,privileged,gentrified,marina,vibrant,fun,castro,11/19/2025,15:25:24
141,marina_res,restaurants,other,marina,antitask,antitask,castro,11/19/2025,15:27:05
142,marina_res,central,geography,marina,antitask,antitask,castro,11/19/2025,15:29:49
143,marina_res,vibrant,fun,marina,vibrant,fun,castro,11/19/2025,15:30:34
144,marina_res,pleasant,nice,marina,gay,gay,castro,11/19/2025,15:31:38
145,marina_res,attractive,nice,marina,gay,gay,castro,11/19/2025,15:33:04
146,marina_res,simple,normative,marina,not_exciting,boring,castro,11/19/2025,15:37:31
147,marina_res,safe,nice,marina,gay,gay,castro,11/19/2025,15:38:06
148,marina_res,hip,gentrified,marina,lively,fun,castro,11/19/2025,15:39:06
149,marina_res,vibey,nice,marina,antitask,antitask,castro,11/19/2025,15:40:33
150,marina_res,families,community,marina,antitask,antitask,castro,11/19/2025,15:40:51
151,marina_res,bubble,normative,marina,fun,fun,castro,11/19/2025,15:41:32
152,marina_res,frat,other,marina,fruity,gay,castro,11/19/2025,15:41:52
153,marina_res,nannies,gentrified,marina,antitask,antitask,castro,11/19/2025,15:45:14
154,marina_res,homogenous,normative,marina,alive,nice,castro,11/19/2025,15:45:29
155,marina_res,awesome,fun,marina,great,fun,castro,11/19/2025,15:46:37
156,marina_res,flat,geography,marina,gay,gay,castro,11/19/2025,15:47:24
157,marina_res,pleasant,nice,marina,antitask,antitask,castro,11/19/2025,15:47:51
158,marina_res,beautiful,nice,marina,lively,fun,castro,11/19/2025,15:49:19
159,mission_res,extravagant,gentrified,mission,gay,gay,castro,11/11/2025,14:41:44
160,mission_res,fake,bad,mission,gay,gay,castro,11/11/2025,14:43:42
161,mission_res,chaotic,chaotic,mission,fun,fun,castro,11/11/2025,14:44:20
162,mission_res,enjoyable,nice,mission,farther,geography,castro,11/11/2025,14:45:22
163,mission_res,bonito,nice,mission,bonito,nice,castro,11/11/2025,14:46:57
164,mission_res,character,special,mission,gay,gay,castro,11/11/2025,14:47:08
165,mission_res,diverse,diverse,mission,gay,gay,castro,11/11/2025,14:48:37
166,mission_res,robust,nice,mission,gay,gay,castro,11/11/2025,14:49:52
167,mission_res,peligroso,gritty,mission,bonito,nice,castro,11/11/2025,14:50:39
168,mission_res,tight,other,mission,colorful,diverse,castro,11/11/2025,14:51:19
169,mission_res,bonito,nice,mission,bonito,nice,castro,11/11/2025,14:51:50
170,mission_res,colorful,diverse,mission,spanky,fun,castro,11/11/2025,14:52:40
171,mission_res,amazing,fun,mission,fun,fun,castro,11/11/2025,14:55:43
172,mission_res,colorful,diverse,mission,rainbow,gay,castro,11/11/2025,14:55:50
173,mission_res,vibrant,fun,mission,exciting,fun,castro,11/11/2025,14:56:01
174,mission_res,lively,fun,mission,colorful,diverse,castro,11/11/2025,14:58:28
175,mission_res,vibrant,fun,mission,poppin,fun,castro,11/11/2025,14:59:11
176,mission_res,dichotomy,diverse,mission,fun,fun,castro,11/11/2025,15:00:49
177,mission_res,flags,other,mission,queer,gay,castro,11/11/2025,15:01:28
178,mission_res,creative,special,mission,antitask,antitask,castro,11/11/2025,15:03:34
179,mission_res,interesting,special,mission,different,diverse,castro,11/11/2025,15:04:02
180,mission_res,authentic,special,mission,liberating,open,castro,11/11/2025,15:04:53
181,mission_res,beautiful,nice,mission,gorgeous,nice,castro,11/11/2025,15:05:25
182,mission_res,edge,gritty,mission,love,gay,castro,11/11/2025,15:06:18
183,mission_res,home,community,mission,lively,fun,castro,11/11/2025,15:06:23
184,mission_res,eclectic,special,mission,shiny,other,castro,11/11/2025,15:08:17
185,mission_res,sunny,weather,mission,colorful,diverse,castro,11/11/2025,15:08:54
186,mission_res,hispanic,latino,mission,gay,gay,castro,11/11/2025,15:09:33
187,mission_res,cosmopolitan,gentrified,mission,gay,gay,castro,11/11/2025,15:09:56
188,mission_res,eclectic,special,mission,antitask,antitask,castro,11/11/2025,15:11:00
189,mission_res,beautiful,nice,mission,beautiful,nice,castro,11/11/2025,15:12:34
190,mission_res,amazing,fun,mission,cool,nice,castro,11/11/2025,15:13:41
191,mission_res,diverse,diverse,mission,gay,gay,castro,11/11/2025,15:14:45
192,mission_res,eclectic,special,mission,open,open,castro,11/11/2025,15:15:09
193,mission_res,flavorful,diverse,mission,party,fun,castro,11/11/2025,15:16:25
194,mission_res,amazing,fun,mission,amazing,fun,castro,11/11/2025,15:17:18
195,mission_res,heritage,special,mission,legacy,special,castro,11/11/2025,15:19:51
196,mission_res,gentrified,gentrified,mission,transplants,gentrified,castro,11/11/2025,15:21:14
197,mission_res,hispanic,latino,mission,drugs,other,castro,11/11/2025,15:22:20
198,mission_res,beautiful,nice,mission,gay,gay,castro,11/11/2025,15:25:04
199,mission_res,beautiful,nice,mission,beautiful,nice,castro,11/11/2025,15:26:01
200,mission_res,chill,nice,mission,hectic,chaotic,castro,11/11/2025,15:28:46
201,mission_res,vibrant,fun,mission,exuberant,fun,castro,11/11/2025,15:30:57
202,mission_res,bonito,nice,mission,bonito,nice,castro,11/11/2025,15:36:33
203,mission_res,wonderful,fun,mission,different,diverse,castro,11/11/2025,15:37:13
204,mission_res,fun,fun,mission,clean,nice,castro,11/11/2025,15:37:23
205,mission_res,community,community,mission,historic,special,castro,11/11/2025,15:38:12
206,mission_res,unique,other,mission,diverse,diverse,castro,11/11/2025,15:39:16
207,mission_res,gritty,gritty,mission,rainbow,gay,castro,11/11/2025,15:40:07
208,mission_res,latino,latino,mission,gender,other,castro,11/11/2025,15:42:45
209,mission_res,fun,fun,mission,fun,fun,castro,11/11/2025,15:44:14
210,mission_res,colorful,diverse,mission,trendier,gentrified,castro,11/11/2025,15:45:44
211,mission_res,diverse,diverse,mission,exciting,fun,castro,11/11/2025,15:46:07
212,mission_res,latino,latino,mission,especial,other,castro,11/11/2025,15:48:21
213,mission_res,home,community,mission,close,geography,castro,11/11/2025,15:48:50
214,mission_res,eclectic,special,mission,gay,gay,castro,11/11/2025,15:49:48
215,mission_res,eclectic,special,mission,vibrant,fun,castro,11/11/2025,15:50:22
216,mission_res,latino,latino,mission,community,community,castro,11/11/2025,15:51:30
217,mission_res,complicated,other,mission,vibrant,fun,castro,11/11/2025,15:52:25
218,mission_res,familiar,community,mission,familiar,community,castro,11/11/2025,15:53:26
219,mission_res,colorful,diverse,mission,festive,fun,castro,11/11/2025,15:55:06
220,mission_res,latino,latino,mission,gay,gay,castro,11/11/2025,15:55:14
221,mission_res,culture,diverse,mission,colorful,diverse,castro,11/11/2025,15:56:02
222,mission_res,pretty,nice,mission,nice,nice,castro,11/11/2025,15:56:47
223,mission_res,awesome,fun,mission,fun,fun,castro,11/11/2025,15:57:49
224,mission_res,vibrant,fun,mission,eclectic,special,castro,11/11/2025,15:58:08
225,mission_res,fun,fun,mission,funner,fun,castro,11/11/2025,15:58:51
226,mission_res,sucio,gritty,mission,tranquilo,nice,castro,11/11/2025,15:59:00
227,mission_res,expansive,geography,mission,gay,gay,castro,11/11/2025,15:59:47
228,mission_res,eclectic,special,mission,colorful,diverse,castro,11/11/2025,16:01:27
229,mission_res,spicy,diverse,mission,spicy,diverse,castro,11/11/2025,16:02:05
230,mission_res,diverse,diverse,mission,fun,fun,castro,11/11/2025,16:03:12
231,mission_res,latino,latino,mission,comunidad,community,castro,11/11/2025,16:04:16
232,mission_res,beautiful,nice,mission,stunning,fun,castro,11/11/2025,16:05:02
233,mission_res,vibrant,fun,mission,dying,boring,castro,11/11/2025,16:05:42
234,mission_res,eclectic,special,mission,friendly,other,castro,11/11/2025,16:06:20
235,mission_res,vibrant,fun,mission,gay,gay,castro,11/11/2025,16:06:40
236,mission_res,comunidad,community,mission,comunidad,community,castro,11/11/2025,16:08:51
237,mission_res,mexican,latino,mission,naked,sexual,castro,11/11/2025,16:09:33
238,mission_res,home,community,mission,alive,nice,castro,11/11/2025,16:10:15
239,mission_res,vibrant,fun,mission,community,community,castro,11/11/2025,16:10:45
240,mission_res,artistic,special,mission,quiet,nice,castro,11/11/2025,16:12:57
241,mission_res,vibrant,fun,mission,dynamic,fun,castro,11/11/2025,16:14:43
242,mission_res,dynamic,fun,mission,gay,gay,castro,11/11/2025,16:14:53
243,marina_res,gay,gay,castro,preppy,gentrified,marina,11/17/2025,16:41:36
244,marina_res,lively,fun,castro,yuppie,other,marina,11/17/2025,16:42:35
245,marina_res,pride,gay,castro,water,geography,marina,11/17/2025,16:43:02
246,marina_res,pride,gay,castro,meh,boring,marina,11/17/2025,16:45:53
247,marina_res,lively,fun,castro,approachable,nice,marina,11/17/2025,16:47:10
248,marina_res,sf,geography,castro,sf,geography,marina,11/17/2025,16:47:36
249,marina_res,fun,fun,castro,work,actions,marina,11/17/2025,16:48:08
250,marina_res,gay,gay,castro,white,normative,marina,11/17/2025,16:48:31
251,marina_res,lit,fun,castro,fun,fun,marina,11/17/2025,16:48:58
252,marina_res,gay,gay,castro,white,normative,marina,11/17/2025,16:50:22
253,marina_res,nada,antitask,castro,dinero,gentrified,marina,11/17/2025,16:51:17
254,marina_res,soulcycle,institutions,castro,marina_meats,institutions,marina,11/17/2025,16:52:17
255,marina_res,beautiful,nice,castro,change,change,marina,11/17/2025,16:53:27
256,marina_res,rainbow,gay,castro,frat,other,marina,11/17/2025,16:55:47
257,marina_res,hippies,other,castro,young,young,marina,11/17/2025,16:56:45
258,marina_res,fun,fun,castro,bustling,chaotic,marina,11/17/2025,17:00:09
259,marina_res,homosexuales,gay,castro,tourists,other,marina,11/17/2025,17:01:40
260,marina_res,gay,gay,castro,frat,other,marina,11/17/2025,17:02:08
261,marina_res,colors,diverse,castro,young,young,marina,11/17/2025,17:03:00
262,marina_res,theater,institutions,castro,yuppie,other,marina,11/17/2025,17:04:34
263,marina_res,gay,gay,castro,boujee,gentrified,marina,11/17/2025,17:05:27
264,marina_res,antitask,antitask,castro,best,fun,marina,11/17/2025,17:07:37
265,marina_res,restaurants,other,castro,restaurants,other,marina,11/17/2025,17:09:16
266,marina_res,vibrant,fun,castro,water,geography,marina,11/17/2025,17:09:55
267,marina_res,gay,gay,castro,college,young,marina,11/17/2025,17:10:52
268,marina_res,gay,gay,castro,rich,gentrified,marina,11/17/2025,17:12:52
269,marina_res,mission,geography,castro,gentrified,gentrified,marina,11/17/2025,17:15:08
270,marina_res,pride,gay,castro,peace,nice,marina,11/17/2025,17:17:53
271,marina_res,fun,fun,castro,less_fun,boring,marina,11/17/2025,17:18:43
272,marina_res,party,fun,castro,white,normative,marina,11/17/2025,17:20:07
273,marina_res,theater,institutions,castro,restaurants,other,marina,11/17/2025,17:21:13
274,marina_res,theater,institutions,castro,chestnut,geography,marina,11/17/2025,17:22:02
275,marina_res,party,fun,castro,bars,institutions,marina,11/17/2025,17:27:17
276,marina_res,gay,gay,castro,privileged,gentrified,marina,11/17/2025,17:28:32
277,marina_res,gay,gay,castro,hot_girls,normative,marina,11/17/2025,17:33:27
278,marina_res,dead,boring,castro,great,fun,marina,11/17/2025,17:39:06
279,marina_res,gay,gay,castro,bro,normative,marina,11/17/2025,17:40:22
280,marina_res,brother,other,castro,live,actions,marina,11/17/2025,17:45:20
281,marina_res,gay,gay,castro,white,normative,marina,11/17/2025,17:46:05
282,marina_res,gay,gay,castro,antitask,antitask,marina,11/17/2025,17:48:01
283,marina_res,gay,gay,castro,douchey,normative,marina,11/17/2025,17:58:41
284,marina_res,architecture,institutions,castro,active,fun,marina,11/19/2025,15:51:47
285,marina_res,unknown,antitask,castro,visited,actions,marina,11/19/2025,15:55:19
286,marina_res,gay,gay,castro,frat,other,marina,11/19/2025,16:00:00
287,marina_res,gay,gay,castro,la,normative,marina,11/19/2025,16:01:50
288,marina_res,personality,special,castro,cozy,nice,marina,11/19/2025,16:02:46
289,marina_res,fun,fun,castro,young,young,marina,11/19/2025,16:05:46
290,marina_res,gay,gay,castro,white,normative,marina,11/19/2025,16:10:17
291,marina_res,fun,fun,castro,safe,nice,marina,11/19/2025,16:13:24
292,marina_res,antitask,antitask,castro,bougie,gentrified,marina,11/19/2025,16:18:19
293,marina_res,gay,gay,castro,affluent,gentrified,marina,11/19/2025,16:20:44
294,marina_res,gay,gay,castro,preppy,gentrified,marina,11/19/2025,16:22:13
295,marina_res,gay,gay,castro,wealthy,gentrified,marina,11/19/2025,16:23:17
296,marina_res,flamboyant,gay,castro,preppy,gentrified,marina,11/19/2025,16:24:01
297,marina_res,fun,fun,castro,different,diverse,marina,11/19/2025,16:24:38
298,marina_res,vibrant,fun,castro,young,young,marina,11/19/2025,16:25:16
299,marina_res,diverse,diverse,castro,safe,nice,marina,11/19/2025,16:27:57
300,marina_res,fun,fun,castro,basic,normative,marina,11/19/2025,16:29:44
301,marina_res,gay,gay,castro,preppy,gentrified,marina,11/19/2025,16:30:04
302,marina_res,vibrant,fun,castro,straight,normative,marina,11/19/2025,16:31:05
303,marina_res,vibrant,fun,castro,comfortable,nice,marina,11/19/2025,16:31:18
304,marina_res,nice,nice,castro,nice,nice,marina,11/19/2025,16:35:19
305,marina_res,antitask,antitask,castro,ocean,geography,marina,11/19/2025,16:36:18
306,marina_res,fun,fun,castro,trendy,gentrified,marina,11/19/2025,16:38:20
307,marina_res,antitask,antitask,castro,nice,nice,marina,11/19/2025,16:39:08
308,marina_res,fun,fun,castro,fun,fun,marina,11/19/2025,16:41:52
309,marina_res,fun,fun,castro,bustling,chaotic,marina,11/19/2025,16:42:31
310,marina_res,antitask,antitask,castro,friendly,other,marina,11/19/2025,16:43:44
311,marina_res,fun,fun,castro,young,young,marina,11/19/2025,16:45:00
312,marina_res,fun,fun,castro,water,geography,marina,11/19/2025,16:48:33
313,marina_res,gay,gay,castro,tech,gentrified,marina,11/19/2025,16:51:02
314,marina_res,antitask,antitask,castro,bubbly,nice,marina,11/19/2025,16:54:58
315,marina_res,fun,fun,castro,beautiful,nice,marina,11/19/2025,16:56:59
316,castro_vis,fun,fun,castro,gross,bad,marina,11/14/2025,21:40:18
317,castro_vis,fun,fun,castro,residential,community,marina,11/14/2025,22:28:01
318,castro_vis,undefined,special,castro,yuppie,other,marina,11/14/2025,22:32:43
319,castro_vis,lively,fun,castro,white,normative,marina,11/14/2025,22:41:03
320,castro_vis,alive,nice,castro,chill,nice,marina,11/14/2025,22:41:48
321,castro_vis,lively,fun,castro,plain,normative,marina,11/14/2025,22:43:12
322,castro_vis,espectaculo,fun,castro,españa,latino,marina,11/14/2025,22:44:25
323,castro_vis,declining,boring,castro,unbeknownst,antitask,marina,11/14/2025,22:44:29
324,castro_vis,gay,gay,castro,wet,weather,marina,11/14/2025,22:45:06
325,castro_vis,fun,fun,castro,unfun,boring,marina,11/14/2025,22:45:10
326,castro_vis,friendly,other,castro,tourists,other,marina,11/14/2025,22:45:43
327,castro_vis,tolerant,open,castro,less_tolerant,bad,marina,11/14/2025,22:46:04
328,castro_vis,gay,gay,castro,rich,gentrified,marina,11/14/2025,22:46:20
329,castro_vis,zesty,gay,castro,unseasoned,normative,marina,11/14/2025,22:46:53
330,castro_vis,great,fun,castro,sorority,normative,marina,11/14/2025,22:47:24
331,castro_vis,fun,fun,castro,beautiful,nice,marina,11/14/2025,22:49:49
332,castro_vis,underwhelming,boring,castro,tourists,other,marina,11/14/2025,22:49:54
333,castro_vis,gay,gay,castro,posh,gentrified,marina,11/14/2025,22:50:21
334,castro_vis,gay,gay,castro,straight,normative,marina,11/14/2025,22:50:43
335,castro_vis,fun,fun,castro,boring,boring,marina,11/14/2025,22:50:56
336,castro_vis,fun,fun,castro,racist,other,marina,11/14/2025,22:51:29
337,castro_vis,hilly,geography,castro,flat,geography,marina,11/14/2025,22:51:41
338,castro_vis,gay,gay,castro,white,normative,marina,11/14/2025,22:52:03
339,castro_vis,iconic,special,castro,bro,normative,marina,11/14/2025,22:52:49
340,castro_vis,gay,gay,castro,bro,normative,marina,11/14/2025,22:53:14
341,castro_vis,gay,gay,castro,white,normative,marina,11/14/2025,22:53:24
342,castro_vis,gay,gay,castro,basic,normative,marina,11/14/2025,22:54:02
343,castro_vis,love,gay,castro,antitask,antitask,marina,11/14/2025,22:54:28
344,castro_vis,crazy,chaotic,castro,horrible,bad,marina,11/14/2025,22:54:32
345,castro_vis,gay,gay,castro,rich,gentrified,marina,11/14/2025,22:55:08
346,castro_vis,gay,gay,castro,bonito,nice,marina,11/14/2025,22:56:02
347,castro_vis,wonderful,fun,castro,antitask,antitask,marina,11/14/2025,22:56:19
348,castro_vis,gay,gay,castro,gay,gay,marina,11/14/2025,22:56:29
349,castro_vis,gay,gay,castro,tech,gentrified,marina,11/14/2025,22:57:37
350,castro_vis,home,community,castro,ghetto,gritty,marina,11/14/2025,22:58:11
351,castro_vis,flamboyant,gay,castro,happy,nice,marina,11/14/2025,22:59:23
352,castro_vis,community,community,castro,bro,normative,marina,11/14/2025,23:00:10
353,castro_vis,joy,fun,castro,snarky,bad,marina,11/14/2025,23:01:49
354,castro_vis,unique,other,castro,peaceful,nice,marina,11/14/2025,23:02:09
355,castro_vis,perfect,nice,castro,straight,normative,marina,11/14/2025,23:02:35
356,castro_vis,messy,chaotic,castro,sterile,boring,marina,11/14/2025,23:03:06
357,castro_vis,gay,gay,castro,straight,normative,marina,11/14/2025,23:04:48
358,castro_vis,gay,gay,castro,white,normative,marina,11/14/2025,23:05:18
359,castro_vis,fabulous,gay,castro,posh,gentrified,marina,11/14/2025,23:06:13
360,castro_vis,cunt,fun,castro,gentrified,gentrified,marina,11/14/2025,23:07:41
361,castro_vis,faggy,gay,castro,tech,gentrified,marina,11/14/2025,23:07:53
362,castro_vis,gay,gay,castro,straight,normative,marina,11/14/2025,23:10:43
363,castro_vis,gay,gay,castro,snooty,gentrified,marina,11/14/2025,23:10:48
364,castro_vis,gay,gay,castro,straight,normative,marina,11/14/2025,23:11:47
365,castro_vis,home,community,castro,ivy,gentrified,marina,11/14/2025,23:11:56
366,castro_vis,gay,gay,castro,lame,boring,marina,11/14/2025,23:12:48
367,castro_vis,fun,fun,castro,bro,normative,marina,11/14/2025,23:12:52
368,castro_vis,fun,fun,castro,bougie,gentrified,marina,11/14/2025,23:13:36
369,castro_vis,festive,fun,castro,grovel,other,marina,11/14/2025,23:14:03
370,castro_vis,camp,gay,castro,fake,bad,marina,11/14/2025,23:14:17
371,castro_vis,chaotic,chaotic,castro,fratboys,normative,marina,11/14/2025,23:15:42
372,castro_vis,big,geography,castro,antitask,antitask,marina,11/14/2025,23:15:42
373,castro_vis,messy,chaotic,castro,posh,gentrified,marina,11/14/2025,23:16:26
374,castro_vis,beautiful,nice,castro,amazing,fun,marina,11/14/2025,23:16:36
375,castro_vis,effervescent,fun,castro,bad,bad,marina,11/14/2025,23:18:06
376,castro_vis,gay,gay,castro,straight,normative,marina,11/14/2025,23:18:58
377,castro_vis,fantastic,fun,castro,boo,bad,marina,11/14/2025,23:19:01
378,castro_vis,lively,fun,castro,young,young,marina,11/14/2025,23:19:56
379,castro_vis,chaotic,chaotic,castro,stupid,bad,marina,11/14/2025,23:20:25
380,castro_vis,crazy,chaotic,castro,drunk,chaotic,marina,11/14/2025,23:21:59
381,castro_vis,whacky,chaotic,castro,barbie,normative,marina,11/14/2025,23:22:48
382,castro_vis,gay,gay,castro,waterside,geography,marina,11/14/2025,23:22:51
383,castro_vis,gay,gay,castro,fun,fun,marina,11/14/2025,23:23:28
384,castro_vis,sleepy,nice,castro,bougie,gentrified,marina,11/14/2025,23:25:01
385,castro_vis,approachable,nice,castro,frat,other,marina,11/14/2025,23:25:17
386,castro_vis,gay,gay,castro,white,normative,marina,11/14/2025,23:26:08
387,castro_vis,fun,fun,castro,boring,boring,marina,11/14/2025,23:26:59
388,castro_vis,palimpsest,change,castro,antediluvian,other,marina,11/14/2025,23:27:13
389,castro_vis,quaint,nice,castro,lazy,boring,marina,11/14/2025,23:28:03
390,castro_vis,fun,fun,castro,snobby,gentrified,marina,11/14/2025,23:28:35
391,castro_vis,vibrant,fun,castro,white,normative,marina,11/14/2025,23:29:07
392,castro_vis,boring,boring,castro,antitask,antitask,marina,11/14/2025,23:30:36
393,castro_vis,gay,gay,castro,view,geography,marina,11/14/2025,23:31:20
394,castro_vis,gay,gay,castro,white,normative,marina,11/14/2025,23:32:09
395,castro_vis,gay,gay,castro,straight,normative,marina,11/14/2025,23:32:53
397,mission_res,fascinating,special,castro,fascinating,special,mission,11/14/2025,11:14:32
398,mission_res,fun,fun,castro,active,fun,mission,11/14/2025,11:19:34
399,mission_res,gay,gay,castro,hood,gritty,mission,11/14/2025,11:19:50
400,mission_res,large,geography,castro,spread,geography,mission,11/14/2025,11:20:31
401,mission_res,nice,nice,castro,nice,nice,mission,11/14/2025,11:21:12
402,mission_res,rainbow,gay,castro,culture,diverse,mission,11/14/2025,11:22:58
403,mission_res,antitask,antitask,castro,latino,latino,mission,11/14/2025,11:23:45
404,mission_res,gay,gay,castro,colorful,diverse,mission,11/14/2025,11:24:59
405,mission_res,active,fun,castro,culture,diverse,mission,11/14/2025,11:26:16
406,mission_res,no,antitask,castro,commercial,gentrified,mission,11/14/2025,11:30:55
407,mission_res,normal,normative,castro,tambien,normative,mission,11/14/2025,11:31:53
408,mission_res,gay,gay,castro,antitask,antitask,mission,11/14/2025,11:32:14
409,mission_res,antitask,antitask,castro,cultural,diverse,mission,11/14/2025,11:34:23
410,mission_res,colorful,diverse,castro,hispanic,latino,mission,11/14/2025,11:35:59
411,mission_res,vibrant,fun,castro,vibrant,fun,mission,11/14/2025,11:36:19
412,mission_res,bad,bad,castro,better,other,mission,11/14/2025,11:38:46
413,mission_res,gay,gay,castro,fun,fun,mission,11/14/2025,11:40:38
414,mission_res,bien,nice,castro,dirty,gritty,mission,11/14/2025,11:40:56
415,mission_res,fun,fun,castro,gritty,gritty,mission,11/14/2025,11:41:29
416,mission_res,tranquilo,nice,castro,cultural,diverse,mission,11/14/2025,11:46:52
417,mission_res,colorful,diverse,castro,hispanic,latino,mission,11/14/2025,11:47:26
418,mission_res,fun,fun,castro,antitask,antitask,mission,11/14/2025,11:49:29
419,mission_res,chill,nice,castro,gentrified,gentrified,mission,11/14/2025,11:50:52
420,mission_res,famoso,special,castro,latino,latino,mission,11/14/2025,11:51:46
421,mission_res,flamboyant,gay,castro,cultural,diverse,mission,11/14/2025,11:52:59
422,mission_res,fun,fun,castro,food,food,mission,11/14/2025,11:57:24
423,mission_res,unique,other,castro,culture,diverse,mission,11/14/2025,11:59:36
424,mission_res,rainbow,gay,castro,fun,fun,mission,11/14/2025,12:00:30
425,mission_res,excelente,fun,castro,excelente,fun,mission,11/14/2025,12:03:16
426,mission_res,rainbow,gay,castro,diverse,diverse,mission,11/14/2025,12:03:48
427,mission_res,peligroso,gritty,castro,peligroso,gritty,mission,11/14/2025,12:04:39
428,mission_res,antitask,antitask,castro,pretty,nice,mission,11/14/2025,12:05:45
429,mission_res,okay,other,castro,bad,bad,mission,11/14/2025,12:07:18
430,mission_res,entertaining,fun,castro,food,food,mission,11/14/2025,12:07:57
431,mission_res,fun,fun,castro,colorful,diverse,mission,11/14/2025,12:08:25
432,mission_res,street,geography,castro,latino,latino,mission,11/14/2025,12:09:06
433,mission_res,lgbtqixyz,gay,castro,latino,latino,mission,11/14/2025,12:10:36
434,mission_res,surprising,special,castro,warm,nice,mission,11/14/2025,12:10:50
435,mission_res,gay,gay,castro,latino,latino,mission,11/14/2025,12:12:31
436,mission_res,bars,institutions,castro,latino,latino,mission,11/14/2025,12:13:39
437,mission_res,fun,fun,castro,buildings,institutions,mission,11/14/2025,12:13:43
438,mission_res,crowds,chaotic,castro,food,food,mission,11/14/2025,12:15:56
439,mission_res,fun,fun,castro,fun,fun,mission,11/14/2025,12:16:53
440,mission_res,fun,fun,castro,fun,fun,mission,11/14/2025,12:18:26
441,mission_res,gay,gay,castro,nothing,antitask,mission,11/14/2025,12:18:55
442,mission_res,expensive,gentrified,castro,expensive,gentrified,mission,11/14/2025,12:20:43
443,mission_res,historic,special,castro,historic,special,mission,11/14/2025,12:21:56
444,mission_res,vibrant,fun,castro,fun,fun,mission,11/14/2025,12:23:16
445,mission_res,gay,gay,castro,fun,fun,mission,11/14/2025,12:23:43
446,mission_res,gay,gay,castro,mexican,latino,mission,11/14/2025,12:24:25
447,mission_res,gay,gay,castro,fun,fun,mission,11/14/2025,12:24:49
448,mission_res,gay,gay,castro,latino,latino,mission,11/14/2025,12:24:56
449,mission_res,multicultural,diverse,castro,multicultural,diverse,mission,11/14/2025,12:27:11
450,mission_res,rainbow,gay,castro,diverse,diverse,mission,11/14/2025,12:27:36
451,mission_res,gay,gay,castro,latino,latino,mission,11/14/2025,12:28:09
452,mission_res,cultural,diverse,castro,food,food,mission,11/14/2025,12:28:11
453,mission_res,gay,gay,castro,antitask,antitask,mission,11/14/2025,12:30:11
454,mission_res,normal,normative,castro,peligroso,gritty,mission,11/14/2025,12:31:38
455,mission_res,fun,fun,castro,fun,fun,mission,11/14/2025,12:33:40
456,mission_res,fun,fun,castro,fun,fun,mission,11/14/2025,12:33:42
457,mission_res,tourists,other,castro,culture,diverse,mission,11/14/2025,12:34:14
458,mission_res,gay,gay,castro,sunny,weather,mission,11/14/2025,12:36:59
459,mission_res,fun,fun,castro,community,community,mission,11/14/2025,12:37:12
460,mission_res,gay,gay,castro,fun,fun,mission,11/14/2025,12:38:01
461,mission_res,gay,gay,castro,antitask,antitask,mission,11/14/2025,12:40:31
462,mission_res,vibrant,fun,castro,vibrant,fun,mission,11/14/2025,12:41:45
463,mission_res,cultural,diverse,castro,fun,fun,mission,11/14/2025,12:42:36
464,mission_res,flamboyant,gay,castro,okay,other,mission,11/14/2025,12:44:06
465,mission_res,colorful,diverse,castro,antitask,antitask,mission,11/14/2025,12:45:21
466,mission_res,rainbow,gay,castro,fun,fun,mission,11/14/2025,12:47:07
467,mission_res,gay,gay,castro,different,diverse,mission,11/14/2025,12:49:23
468,mission_res,gay,gay,castro,antitask,antitask,mission,11/14/2025,12:51:02
469,mission_res,colorful,diverse,castro,diverse,diverse,mission,11/14/2025,12:52:01
470,mission_res,fun,fun,castro,fun,fun,mission,11/14/2025,12:54:00
471,mission_res,fun,fun,castro,fun,fun,mission,11/14/2025,12:54:36
472,mission_res,wild,chaotic,castro,food,food,mission,11/14/2025,12:55:24
473,mission_res,gay,gay,castro,diverse,diverse,mission,11/14/2025,12:55:47
474,mission_res,euphemism,other,castro,latino,latino,mission,11/14/2025,12:56:42
475,mission_res,gay,gay,castro,home,community,mission,11/14/2025,12:58:28
476,mission_res,gay,gay,castro,fun,fun,mission,11/14/2025,13:00:11
477,mission_res,gay,gay,castro,cultural,diverse,mission,11/14/2025,13:00:49
478,mission_res,gay,gay,castro,food,food,mission,11/14/2025,20:45:05
479,castro_vis,multitude,diverse,castro,burrito,food,mission,11/14/2025,20:46:12
480,castro_vis,gay,gay,castro,latino,latino,mission,11/14/2025,20:46:31
481,castro_vis,fun,fun,castro,latino,latino,mission,11/14/2025,20:47:13
482,castro_vis,gay,gay,castro,diverse,diverse,mission,11/14/2025,20:47:20
483,castro_vis,gay,gay,castro,cultural,diverse,mission,11/14/2025,20:47:31
484,castro_vis,vibrant,fun,castro,culture,diverse,mission,11/14/2025,20:47:52
485,castro_vis,gay,gay,castro,poop,gritty,mission,11/14/2025,20:48:43
486,castro_vis,tourists,other,castro,cultural,diverse,mission,11/14/2025,20:48:58
487,castro_vis,queer,gay,castro,helpful,community,mission,11/14/2025,20:49:20
488,castro_vis,rainbow,gay,castro,hipster,gentrified,mission,11/14/2025,20:49:36
489,castro_vis,fun,fun,castro,food,food,mission,11/14/2025,20:50:02
490,castro_vis,vibrant,fun,castro,wild,chaotic,mission,11/14/2025,20:50:13
491,castro_vis,fun,fun,castro,fun,fun,mission,11/14/2025,20:51:12
492,castro_vis,fun,fun,castro,fun,fun,mission,11/14/2025,20:51:28
493,castro_vis,quaint,nice,castro,antitask,antitask,mission,11/14/2025,20:51:46
494,castro_vis,gay,gay,castro,latino,latino,mission,11/14/2025,20:52:12
495,castro_vis,gay,gay,castro,gay,gay,mission,11/14/2025,20:52:29
496,castro_vis,gay,gay,castro,young,young,mission,11/14/2025,20:53:21
497,castro_vis,crowded,chaotic,castro,dangerous,gritty,mission,11/14/2025,20:53:29
498,castro_vis,gay,gay,castro,rasa,other,mission,11/14/2025,20:54:30
499,castro_vis,iconic,special,castro,home,community,mission,11/14/2025,20:54:40
500,castro_vis,blended,diverse,castro,spicy,diverse,mission,11/14/2025,20:55:20
501,castro_vis,envigorating,fun,castro,culture,diverse,mission,11/14/2025,20:56:08
502,castro_vis,eclectic,special,castro,working_class,other,mission,11/14/2025,20:57:00
503,castro_vis,amazing,fun,castro,nice,nice,mission,11/14/2025,20:58:16
504,castro_vis,lively,fun,castro,cultural,diverse,mission,11/14/2025,20:58:19
505,castro_vis,gay,gay,castro,gritty,gritty,mission,11/14/2025,21:00:03
506,castro_vis,open,open,castro,flamboyant,gay,mission,11/14/2025,21:01:12
507,castro_vis,vibrant,fun,castro,antitask,antitask,mission,11/14/2025,21:01:35
508,castro_vis,lively,fun,castro,classic,special,mission,11/14/2025,21:01:51
509,castro_vis,gay,gay,castro,food,food,mission,11/14/2025,21:03:08
510,castro_vis,lively,fun,castro,bars,institutions,mission,11/14/2025,21:03:59
511,castro_vis,gay,gay,castro,mexican,latino,mission,11/14/2025,21:04:46
512,castro_vis,political,open,castro,diverse,diverse,mission,11/14/2025,21:05:35
513,castro_vis,alive,nice,castro,flamboyant,gay,mission,11/14/2025,21:06:23
514,castro_vis,gay,gay,castro,fun,fun,mission,11/14/2025,21:06:31
515,castro_vis,gay,gay,castro,walking,actions,mission,11/14/2025,21:07:32
516,castro_vis,gay,gay,castro,colorful,diverse,mission,11/14/2025,21:08:05
517,castro_vis,gay,gay,castro,español,latino,mission,11/14/2025,21:08:42
518,castro_vis,queer,gay,castro,hola,latino,mission,11/14/2025,21:08:58
519,castro_vis,gay,gay,castro,culture,diverse,mission,11/14/2025,21:09:19
520,castro_vis,plain,normative,castro,food,food,mission,11/14/2025,21:10:10
521,castro_vis,dead,boring,castro,antitask,antitask,mission,11/14/2025,21:12:01
522,castro_vis,fun,fun,castro,chaotic,chaotic,mission,11/14/2025,21:12:14
523,castro_vis,festive,fun,castro,fun,fun,mission,11/14/2025,21:13:32
524,castro_vis,fun,fun,castro,fun,fun,mission,11/14/2025,21:14:07
525,castro_vis,diverse,diverse,castro,diverse,diverse,mission,11/14/2025,21:14:50
526,castro_vis,gay,gay,castro,mexican,latino,mission,11/14/2025,21:15:39
527,castro_vis,gay,gay,castro,culture,diverse,mission,11/14/2025,21:16:55
528,castro_vis,wild,chaotic,castro,chill,nice,mission,11/14/2025,21:16:57
529,castro_vis,wondrous,nice,castro,fabulous,gay,mission,11/14/2025,21:19:04
530,castro_vis,lively,fun,castro,cultural,diverse,mission,11/14/2025,21:20:01
531,castro_vis,gay,gay,castro,hispanic,latino,mission,11/14/2025,21:20:08
532,castro_vis,gay,gay,castro,artsy,special,mission,11/14/2025,21:21:22
533,castro_vis,gay,gay,castro,alot,chaotic,mission,11/14/2025,21:21:25
534,castro_vis,bountiful,sexual,castro,pig,other,mission,11/14/2025,21:22:19
535,castro_vis,vibrant,fun,castro,multicultural,diverse,mission,11/14/2025,21:23:31
536,castro_vis,bright,nice,castro,burrito,food,mission,11/14/2025,21:23:59
537,castro_vis,fun,fun,castro,edgy,gritty,mission,11/14/2025,21:24:49
538,castro_vis,gay,gay,castro,intriguing,special,mission,11/14/2025,21:25:39
539,castro_vis,gay,gay,castro,authentic,special,mission,11/14/2025,21:25:53
540,castro_vis,faggots,gay,castro,mexican,latino,mission,11/14/2025,21:26:24
541,castro_vis,gay,gay,castro,latino,latino,mission,11/14/2025,21:26:29
542,castro_vis,fabulous,gay,castro,food,food,mission,11/14/2025,21:26:56
543,castro_vis,unique,other,castro,expensive,gentrified,mission,11/14/2025,21:27:24
544,castro_vis,gay,gay,castro,cozy,nice,mission,11/14/2025,21:28:01
545,castro_vis,real,special,castro,grimy,gritty,mission,11/14/2025,21:28:08
546,castro_vis,unity,community,castro,gentrified,gentrified,mission,11/14/2025,21:28:15
547,castro_vis,new,change,castro,colorful,diverse,mission,11/14/2025,21:28:59
548,castro_vis,slut,sexual,castro,gross,bad,mission,11/14/2025,21:30:06
549,castro_vis,fun,fun,castro,delicious,food,mission,11/14/2025,21:30:30
550,castro_vis,fun,fun,castro,delightful,fun,mission,11/14/2025,21:31:19
551,castro_vis,elaborate,other,castro,extravagant,gentrified,mission,11/14/2025,21:32:09
552,castro_vis,fun,fun,castro,amazing,fun,mission,11/14/2025,21:32:50
553,castro_vis,frisky,sexual,castro,fucking,sexual,mission,11/14/2025,21:33:11
554,castro_vis,alive,nice,castro,festive,fun,mission,11/14/2025,21:33:24
555,castro_vis,fabulous,gay,castro,cool,nice,mission,11/14/2025,21:33:52
556,castro_vis,joyous,fun,castro,chaotic,chaotic,mission,11/14/2025,21:35:00
557,castro_vis,gay,gay,castro,fun,fun,mission,11/14/2025,21:36:48
558,castro_vis,gay,gay,castro,cozy,nice,mission,11/14/2025,13:32:35
559,castro_res,gay,gay,castro,washed,normative,mission,11/14/2025,13:35:49
560,castro_res,colorful,diverse,castro,grungy,gritty,mission,11/14/2025,13:37:34
561,castro_res,eclectic,special,castro,flavorful,diverse,mission,11/14/2025,13:38:34
562,castro_res,freedom,open,castro,bustling,chaotic,mission,11/14/2025,13:40:18
563,castro_res,gay,gay,castro,hipster,gentrified,mission,11/14/2025,13:41:15
564,castro_res,antitask,antitask,castro,eclectic,special,mission,11/14/2025,13:42:41
565,castro_res,gay,gay,castro,food,food,mission,11/14/2025,13:43:52
566,castro_res,eclectic,special,castro,soulful,special,mission,11/14/2025,13:46:23
567,castro_res,beautiful,nice,castro,mess,chaotic,mission,11/14/2025,13:46:35
568,castro_res,eclectic,special,castro,real,special,mission,11/14/2025,13:47:20
569,castro_res,gay,gay,castro,sunny,weather,mission,11/14/2025,13:50:04
570,castro_res,gay,gay,castro,foodie,food,mission,11/14/2025,13:50:16
571,castro_res,castro,geography,castro,particular,special,mission,11/14/2025,13:51:21
572,castro_res,vibrant,fun,castro,antitask,antitask,mission,11/14/2025,13:52:31
573,castro_res,gay,gay,castro,antitask,antitask,mission,11/14/2025,13:53:16
574,castro_res,eclectic,special,castro,antitask,antitask,mission,11/14/2025,13:54:14
575,castro_res,good,nice,castro,vibrant,fun,mission,11/14/2025,13:54:53
576,castro_res,fun,fun,castro,shopping,gentrified,mission,11/14/2025,13:56:04
577,castro_res,fun,fun,castro,food,food,mission,11/14/2025,13:57:07
578,castro_res,gay,gay,castro,latino,latino,mission,11/14/2025,13:59:41
579,castro_res,fun,fun,castro,fun,fun,mission,11/14/2025,14:00:42
580,castro_res,sexual,sexual,castro,cultural,diverse,mission,11/14/2025,14:01:02
581,castro_res,gay,gay,castro,gentrified,gentrified,mission,11/14/2025,14:03:23
582,castro_res,vibrant,fun,castro,vibrant,fun,mission,11/14/2025,14:03:48
583,castro_res,gay,gay,castro,gentrified,gentrified,mission,11/14/2025,14:04:43
584,castro_res,gay,gay,castro,latino,latino,mission,11/14/2025,14:05:41
585,castro_res,gay,gay,castro,hispanic,latino,mission,11/14/2025,14:06:25
586,castro_res,gay,gay,castro,multicultural,diverse,mission,11/14/2025,14:07:09
587,castro_res,vibrant,fun,castro,warm,nice,mission,11/14/2025,14:09:23
588,castro_res,gayborhood,gay,castro,antitask,antitask,mission,11/14/2025,14:09:48
589,castro_res,gay,gay,castro,eclectic,special,mission,11/14/2025,14:11:50
590,castro_res,gay,gay,castro,vibrant,fun,mission,11/14/2025,14:13:47
591,castro_res,gay,gay,castro,restaurants,other,mission,11/14/2025,14:14:27
592,castro_res,gay,gay,castro,restaurants,other,mission,11/14/2025,14:14:54
593,castro_res,community,community,castro,vibrant,fun,mission,11/14/2025,14:16:33
594,castro_res,fun,fun,castro,hot,weather,mission,11/14/2025,14:16:54
595,castro_res,idyllic,nice,castro,hipster,gentrified,mission,11/14/2025,14:18:26
596,castro_res,gay,gay,castro,latino,latino,mission,11/14/2025,14:20:59
597,castro_res,eclectic,special,castro,burrito,food,mission,11/14/2025,14:24:30
598,castro_res,community,community,castro,gentrified,gentrified,mission,11/14/2025,14:25:13
599,castro_res,vibrant,fun,castro,vibrant,fun,mission,11/14/2025,14:25:49
600,castro_res,fun,fun,castro,fun,fun,mission,11/14/2025,14:28:03
601,castro_res,electric,fun,castro,burrito,food,mission,11/14/2025,14:29:07
602,castro_res,antitask,antitask,castro,sunnier,weather,mission,11/14/2025,14:29:18
603,castro_res,everything,other,castro,grungy,gritty,mission,11/14/2025,14:29:38
604,castro_res,lively,fun,castro,lively,fun,mission,11/14/2025,14:34:06
605,castro_res,gay,gay,castro,latino,latino,mission,11/14/2025,14:35:45
606,castro_res,neighborly,community,castro,vibrant,fun,mission,11/14/2025,14:37:11
607,castro_res,gayborhood,gay,castro,antitask,antitask,mission,11/14/2025,14:42:29
608,castro_res,pleasant,nice,castro,colorful,diverse,mission,11/14/2025,14:44:15
609,castro_res,gay,gay,castro,flavorful,diverse,mission,11/14/2025,14:46:03
610,castro_res,fun,fun,castro,antitask,antitask,mission,11/14/2025,14:46:36
611,castro_res,gay,gay,castro,latino,latino,mission,11/14/2025,14:48:05
612,castro_res,fun,fun,castro,fun,fun,mission,11/14/2025,14:49:45
613,castro_res,colorful,diverse,castro,vibrant,fun,mission,11/14/2025,14:52:10
614,castro_res,gay,gay,castro,antitask,antitask,mission,11/14/2025,14:52:59
615,castro_res,colorful,diverse,castro,hefty,geography,mission,11/14/2025,14:53:10
616,castro_res,colorful,diverse,castro,the_mission,geography,mission,11/14/2025,14:54:28
617,castro_res,community,community,castro,eclectic,special,mission,11/14/2025,14:55:29
618,castro_res,castro,geography,castro,antitask,antitask,mission,11/14/2025,14:56:03
619,castro_res,colorful,diverse,castro,artsy,special,mission,11/14/2025,14:57:22
620,castro_res,messy,chaotic,castro,messy,chaotic,mission,11/14/2025,15:03:49
621,castro_res,gay,gay,castro,eclectic,special,mission,11/14/2025,15:04:18
622,castro_res,lively,fun,castro,lively,fun,mission,11/14/2025,15:05:11
623,castro_res,gay,gay,castro,gentrified,gentrified,mission,11/14/2025,15:06:46
624,castro_res,home,community,castro,home,community,mission,11/14/2025,15:06:49
625,castro_res,colorful,diverse,castro,beautiful,nice,mission,11/14/2025,15:09:12
626,castro_res,vibrant,fun,castro,active,fun,mission,11/14/2025,15:11:10
627,castro_res,good,nice,castro,fun,fun,mission,11/14/2025,15:12:31
628,castro_res,gay,gay,castro,fun,fun,mission,11/14/2025,15:13:26
629,castro_res,chaotic,chaotic,castro,gentrified,gentrified,mission,11/14/2025,15:15:04
630,castro_res,colorful,diverse,castro,crowded,chaotic,mission,11/14/2025,15:17:37
631,castro_res,dead,boring,castro,lively,fun,mission,11/14/2025,15:18:53
632,castro_res,fantastic,fun,castro,eclectic,special,mission,11/14/2025,15:24:32
633,castro_res,warm,nice,castro,edgy,gritty,mission,11/14/2025,15:25:28
634,castro_res,fun,fun,castro,food,food,mission,11/14/2025,15:27:41
635,castro_res,friendly,other,castro,delicious,food,mission,11/14/2025,15:30:07
636,castro_res,fun-loving,fun,castro,vibrant,fun,mission,11/14/2025,15:31:41
