response,clean_response,fieldsite,response_site,participants,date,collect_time,slow,order,pair_id
diverse,diverse,castro_res,castro,res,11/14/2025,15:20:51,0,1,0
bro,bro,castro_res,marina,res,11/14/2025,15:20:51,0,2,0
gay,gay,castro_res,castro,res,11/14/2025,15:24:01,1,1,1
straight,straight,castro_res,marina,res,11/14/2025,15:24:01,0,2,1
gay,gay,castro_res,castro,res,11/14/2025,15:35:56,0,1,2
white,white,castro_res,marina,res,11/14/2025,15:35:56,1,2,2
unique,unique,castro_res,castro,res,11/14/2025,15:37:37,1,1,3
expensive,expensive,castro_res,marina,res,11/14/2025,15:37:37,0,2,3
colourful,colorful,castro_res,castro,res,11/14/2025,16:05:23,0,1,4
upscale,upscale,castro_res,marina,res,11/14/2025,16:05:23,1,2,4
young_people,young,castro_res,marina,res,11/14/2025,16:06:02,1,2,5
home,home,castro_res,castro,res,11/14/2025,16:06:02,1,1,5
vibrant,vibrant,castro_res,castro,res,11/14/2025,16:06:11,0,1,6
boring,boring,castro_res,marina,res,11/14/2025,16:06:11,1,2,6
gay,gay,castro_res,castro,res,11/14/2025,16:06:40,0,1,7
preppy,preppy,castro_res,marina,res,11/14/2025,16:06:40,0,2,7
fun,fun,castro_res,castro,res,11/14/2025,16:07:11,0,1,8
bad,bad,castro_res,marina,res,11/14/2025,16:07:11,0,2,8
unique,unique,castro_res,castro,res,11/14/2025,16:07:48,0,1,9
stale,stale,castro_res,marina,res,11/14/2025,16:07:48,0,2,9
i_don't_go_there_a_lot_north_point_great_views_golden_gate_bridge_dating_scene_millennial,antitask,castro_res,marina,res,11/14/2025,16:08:30,1,2,10
lively,lively,castro_res,castro,res,11/14/2025,16:08:30,0,1,10
lacking,lacking,castro_res,castro,res,11/14/2025,16:09:06,0,1,11
cold,cold,castro_res,marina,res,11/14/2025,16:09:06,1,2,11
i_can't_give_you_an_answer,antitask,castro_res,marina,res,11/14/2025,16:10:02,0,2,12
diverse,diverse,castro_res,castro,res,11/14/2025,16:10:02,0,1,12
vibrant,vibrant,castro_res,castro,res,11/14/2025,16:10:39,0,1,13
bougie,bougie,castro_res,marina,res,11/14/2025,16:10:39,1,2,13
white_(can_i_say_that?),white,castro_res,marina,res,11/14/2025,16:10:57,1,2,14
vibrant,vibrant,castro_res,castro,res,11/14/2025,16:10:57,0,1,14
i_don’t_know_i_have_not_been_there_for_a_long_time,antitask,castro_res,marina,res,11/14/2025,16:13:27,1,2,15
fun,fun,castro_res,castro,res,11/14/2025,16:13:27,0,1,15
open,open,castro_res,castro,res,11/14/2025,16:14:00,1,1,16
beautiful,beautiful,castro_res,marina,res,11/14/2025,16:14:00,0,2,16
fabulous,fabulous,castro_res,castro,res,11/14/2025,16:14:08,0,1,17
bro,bro,castro_res,marina,res,11/14/2025,16:14:08,0,2,17
fun,fun,castro_res,castro,res,11/14/2025,16:15:55,0,1,18
yuppies,yuppie,castro_res,marina,res,11/14/2025,16:15:55,1,2,18
i_don’t_really_have_any_word_for_it,antitask,castro_res,marina,res,11/14/2025,16:16:19,1,2,19
community,community,castro_res,castro,res,11/14/2025,16:16:19,0,1,19
queer,queer,castro_res,castro,res,11/14/2025,16:16:25,0,1,20
young,young,castro_res,marina,res,11/14/2025,16:16:25,1,2,20
vibrant,vibrant,castro_res,castro,res,11/14/2025,16:17:32,0,1,21
tourist,tourists,castro_res,marina,res,11/14/2025,16:17:32,1,2,21
i_haven’t_been_there_for_so_long.,antitask,castro_res,marina,res,11/14/2025,16:20:15,0,2,22
different,different,castro_res,castro,res,11/14/2025,16:20:15,0,1,22
diverse,diverse,castro_res,castro,res,11/14/2025,16:20:30,1,1,23
sophisticated,sophisticated,castro_res,marina,res,11/14/2025,16:20:30,1,2,23
i_don’t_know,antitask,castro_res,marina,res,11/14/2025,16:22:46,0,2,24
nice,nice,castro_res,castro,res,11/14/2025,16:22:46,0,1,24
gay,gay,castro_res,castro,res,11/14/2025,16:23:56,1,1,25
money,money,castro_res,marina,res,11/14/2025,16:23:56,0,2,25
cool,cool,castro_res,castro,res,11/14/2025,16:25:32,0,1,26
expensive,expensive,castro_res,marina,res,11/14/2025,16:25:32,0,2,26
i_don’t_know,antitask,castro_res,marina,res,11/14/2025,16:26:38,0,2,27
vibrant,vibrant,castro_res,castro,res,11/14/2025,16:26:38,0,1,27
idk_there's_a_lot_of_cool_restaurants_there_id_say_hip,restaurants,castro_res,marina,res,11/14/2025,16:26:39,1,2,28
gay,gay,castro_res,castro,res,11/14/2025,16:26:39,0,1,28
fun,fun,castro_res,castro,res,11/14/2025,16:28:04,0,1,29
rich,rich,castro_res,marina,res,11/14/2025,16:28:04,0,2,29
great,great,castro_res,castro,res,11/14/2025,16:28:12,0,1,30
white,white,castro_res,marina,res,11/14/2025,16:28:12,0,2,30
not_pretty_sure,antitask,castro_res,marina,res,11/14/2025,16:28:45,0,2,31
fantastic,fantastic,castro_res,castro,res,11/14/2025,16:28:45,0,1,31
“no_word”,antitask,castro_res,marina,res,11/14/2025,16:29:58,0,2,32
bizarre,bizarre,castro_res,castro,res,11/14/2025,16:29:58,0,1,32
young_people?,young,castro_res,marina,res,11/14/2025,16:30:11,1,2,33
community,community,castro_res,castro,res,11/14/2025,16:30:11,0,1,33
home,home,castro_res,castro,res,11/14/2025,16:30:52,0,1,34
fishy,fishy,castro_res,marina,res,11/14/2025,16:30:52,1,2,34
gay,gay,castro_res,castro,res,11/14/2025,16:32:19,0,1,35
snotty,snotty,castro_res,marina,res,11/14/2025,16:32:19,1,2,35
i_never_go_there,antitask,castro_res,marina,res,11/14/2025,16:33:00,0,2,36
vibrant,vibrant,castro_res,castro,res,11/14/2025,16:33:00,0,1,36
happy,happy,castro_res,castro,res,11/14/2025,16:33:26,0,1,37
tragic,tragic,castro_res,marina,res,11/14/2025,16:33:26,0,2,37
(just_one?)_predictable,predictable,castro_res,castro,res,11/14/2025,16:33:45,0,1,38
dull,dull,castro_res,marina,res,11/14/2025,16:33:45,0,2,38
not_community,not_community,castro_res,marina,res,11/14/2025,16:38:15,0,2,39
community,community,castro_res,castro,res,11/14/2025,16:38:15,0,1,39
college_kids,college,castro_res,marina,res,11/14/2025,16:38:16,1,2,40
gay,gay,castro_res,castro,res,11/14/2025,16:38:16,0,1,40
more_fake,fake,castro_res,marina,res,11/14/2025,16:39:00,0,2,41
fake,fake,castro_res,castro,res,11/14/2025,16:39:00,0,1,41
far_away,far,castro_res,marina,res,11/14/2025,16:39:13,1,2,42
home,home,castro_res,castro,res,11/14/2025,16:39:13,0,1,42
warm,warm,castro_res,castro,res,11/14/2025,16:39:37,0,1,43
cold,cold,castro_res,marina,res,11/14/2025,16:39:37,0,2,43
beautiful,beautiful,castro_res,castro,res,11/14/2025,16:41:08,0,1,44
beautiful,beautiful,castro_res,marina,res,11/14/2025,16:41:08,0,2,44
mixed_bag,eclectic,castro_res,castro,res,11/14/2025,16:41:28,0,1,45
posh,posh,castro_res,marina,res,11/14/2025,16:41:28,1,2,45
home,home,castro_res,castro,res,11/14/2025,16:44:22,1,1,46
toxic,toxic,castro_res,marina,res,11/14/2025,16:44:22,1,2,46
a_bunch_of_conformists,conformist,castro_res,marina,res,11/14/2025,16:45:21,1,2,47
friendly,friendly,castro_res,castro,res,11/14/2025,16:45:21,0,1,47
vibrant,vibrant,castro_res,castro,res,11/14/2025,16:45:23,1,1,48
snotty,snotty,castro_res,marina,res,11/14/2025,16:45:23,0,2,48
gay,gay,castro_res,castro,res,11/14/2025,16:46:04,0,1,49
boring,boring,castro_res,marina,res,11/14/2025,16:46:04,0,2,49
sinking_in_the_water,sinking,castro_res,marina,res,11/14/2025,16:46:25,0,2,50
home,home,castro_res,castro,res,11/14/2025,16:46:25,0,1,50
community,community,castro_res,castro,res,11/14/2025,16:47:23,0,1,51
busy,busy,castro_res,marina,res,11/14/2025,16:47:23,1,2,51
old,old,castro_res,castro,res,11/14/2025,16:50:01,0,1,52
cold,cold,castro_res,marina,res,11/14/2025,16:50:01,0,2,52
fun,fun,castro_res,castro,res,11/14/2025,16:50:05,0,1,53
na,na,castro_res,marina,res,11/14/2025,16:50:05,0,2,53
lively,lively,castro_res,castro,res,11/14/2025,16:51:48,0,1,54
slutty,slutty,castro_res,marina,res,11/14/2025,16:51:48,1,2,54
colorful,colorful,castro_res,castro,res,11/14/2025,16:52:23,0,1,55
upscale,upscale,castro_res,marina,res,11/14/2025,16:52:23,0,2,55
pleasant,pleasant,castro_res,castro,res,11/14/2025,16:52:28,0,1,56
scenic,scenic,castro_res,marina,res,11/14/2025,16:52:28,1,2,56
interesting,interesting,castro_res,castro,res,11/14/2025,16:54:20,0,1,57
posh,posh,castro_res,marina,res,11/14/2025,16:54:20,1,2,57
fun,fun,castro_res,castro,res,11/14/2025,16:54:28,0,1,58
bougie,bougie,castro_res,marina,res,11/14/2025,16:54:28,0,2,58
spanish_revival,architecture,castro_res,marina,res,11/14/2025,16:55:56,1,2,59
vibrant,vibrant,castro_res,castro,res,11/14/2025,16:55:56,0,1,59
different,different,castro_res,castro,res,11/14/2025,16:57:09,0,1,60
yuppies,yuppie,castro_res,marina,res,11/14/2025,16:57:09,1,2,60
wonderful,wonderful,castro_res,castro,res,11/14/2025,16:58:26,0,1,61
posh,posh,castro_res,marina,res,11/14/2025,16:58:26,0,2,61
original,original,castro_res,castro,res,11/14/2025,16:58:31,0,1,62
beautiful,beautiful,castro_res,marina,res,11/14/2025,16:58:31,1,2,62
vibrant,vibrant,castro_res,castro,res,11/14/2025,17:00:02,0,1,63
preppies,preppies,castro_res,marina,res,11/14/2025,17:00:02,1,2,63
vibrant,vibrant,castro_res,castro,res,11/14/2025,17:00:10,0,1,64
no!,no!,castro_res,marina,res,11/14/2025,17:00:10,0,2,64
our_marina_is_better,antitask,castro_res,marina,res,11/14/2025,17:00:52,0,2,65
lively,lively,castro_res,castro,res,11/14/2025,17:00:52,0,1,65
vibrant,vibrant,castro_res,castro,res,11/14/2025,17:00:55,0,1,66
interesting,interesting,castro_res,marina,res,11/14/2025,17:00:55,1,2,66
i_have_no_idea,antitask,castro_res,marina,res,11/14/2025,17:01:58,1,2,67
education,education,castro_res,castro,res,11/14/2025,17:01:58,0,1,67
gay,gay,castro_res,castro,res,11/14/2025,17:02:42,0,1,68
raw,raw,castro_res,marina,res,11/14/2025,17:02:42,0,2,68
i_don’t_know,antitask,castro_res,marina,res,11/14/2025,17:03:22,0,2,69
fun,fun,castro_res,castro,res,11/14/2025,17:03:22,0,1,69
cute,cute,castro_res,castro,res,11/14/2025,17:03:38,0,1,70
bro-y,bro-y,castro_res,marina,res,11/14/2025,17:03:38,1,2,70
(hahahahhaha)_gay,gay,castro_res,castro,res,11/14/2025,17:04:56,0,1,71
bougie,bougie,castro_res,marina,res,11/14/2025,17:04:56,1,2,71
expressive,expressive,castro_res,castro,res,11/14/2025,17:05:35,1,1,72
mellow,mellow,castro_res,marina,res,11/14/2025,17:05:35,0,2,72
too_straight,straight,castro_res,marina,res,11/14/2025,17:06:53,0,2,73
gay,gay,castro_res,castro,res,11/14/2025,17:06:53,0,1,73
safe,safe,castro_res,castro,res,11/14/2025,17:08:50,0,1,74
fun?,fun,castro_res,marina,res,11/14/2025,17:08:50,1,2,74
i_cannot_find_a_word,antitask,castro_res,castro,res,11/14/2025,17:10:48,0,1,75
i_find_it_a_little_boring,boring,castro_res,marina,res,11/14/2025,17:10:48,1,2,75
i_don't_really_know_the_marina_very_well,antitask,castro_res,marina,res,11/14/2025,17:10:51,0,2,76
welcoming,welcoming,castro_res,castro,res,11/14/2025,17:10:51,0,1,76
(hahaha)_i_don’t_know,antitask,castro_res,marina,res,11/14/2025,17:11:30,0,2,77
clean,clean,castro_res,castro,res,11/14/2025,17:11:30,0,1,77
very_monolithic_over_time,monolithic,castro_res,marina,res,11/14/2025,17:12:13,1,2,78
changed,changed,castro_res,castro,res,11/14/2025,17:12:13,0,1,78
variety,variety,castro_res,castro,res,11/14/2025,17:12:17,0,1,79
blonde,blonde,castro_res,marina,res,11/14/2025,17:12:17,1,2,79
good_neighbor,neighborly,marina_res,marina,res,11/17/2025,16:41:13,1,1,80
i_don't_hang_out_there,antitask,marina_res,castro,res,11/17/2025,16:41:13,0,2,80
gayborhood,gay,marina_res,castro,res,11/17/2025,16:44:06,0,2,81
upscale,upscale,marina_res,marina,res,11/17/2025,16:44:06,0,1,81
fun_place,fun,marina_res,marina,res,11/17/2025,16:46:08,0,1,82
great_place_(ive_never_lived_there_though),great,marina_res,castro,res,11/17/2025,16:46:08,0,2,82
butt_heads,buttheads,marina_res,marina,res,11/17/2025,16:49:35,0,1,83
gay,gay,marina_res,castro,res,11/17/2025,16:49:35,0,2,83
not_flat,hilly,marina_res,castro,res,11/17/2025,16:53:22,0,2,84
flat,flat,marina_res,marina,res,11/17/2025,16:53:22,0,1,84
castro_(ive_been_here_so_long_they_are_just_what_they_are_),castro,marina_res,castro,res,11/17/2025,16:59:55,0,2,85
marina,marina,marina_res,marina,res,11/17/2025,16:59:55,0,1,85
high_end,upscale,marina_res,marina,res,11/17/2025,17:04:07,0,1,86
wonderful/the_gay_part,wonderful,marina_res,castro,res,11/17/2025,17:04:07,1,2,86
cold,cold,marina_res,marina,res,11/17/2025,17:19:20,1,1,87
fun,fun,marina_res,castro,res,11/17/2025,17:19:20,0,2,87
by_the_sea,sea,marina_res,marina,res,11/17/2025,17:20:41,0,1,88
at_the_base_of_the_hills,valley,marina_res,castro,res,11/17/2025,17:20:41,0,2,88
finance_people,finance,marina_res,marina,res,11/17/2025,17:27:26,1,1,89
gay_guys,gay,marina_res,castro,res,11/17/2025,17:27:26,0,2,89
i_don't_want_to_answer_that,antitask,marina_res,castro,res,11/17/2025,17:29:00,0,2,90
family,family,marina_res,marina,res,11/17/2025,17:29:00,0,1,90
very_gay,gay,marina_res,castro,res,11/17/2025,17:30:44,0,2,91
bougie,bougie,marina_res,marina,res,11/17/2025,17:30:44,0,1,91
gay_now_families,gay,marina_res,castro,res,11/17/2025,17:32:20,1,2,92
young,young,marina_res,marina,res,11/17/2025,17:32:20,0,1,92
homogenous,homogenous,marina_res,marina,res,11/17/2025,17:34:05,1,1,93
progressive,progressive,marina_res,castro,res,11/17/2025,17:34:05,1,2,93
i've_never_been_there,antitask,marina_res,castro,res,11/17/2025,17:38:07,0,2,94
cosy,cosy,marina_res,marina,res,11/17/2025,17:38:07,0,1,94
positive,positive,marina_res,marina,res,11/17/2025,17:39:16,0,1,95
lively,lively,marina_res,castro,res,11/17/2025,17:39:16,0,2,95
never_been,antitask,marina_res,castro,res,11/17/2025,17:40:51,0,2,96
lively,lively,marina_res,marina,res,11/17/2025,17:40:51,0,1,96
maybe_fun,fun,marina_res,castro,res,11/17/2025,17:42:33,0,2,97
fun,fun,marina_res,marina,res,11/17/2025,17:42:33,0,1,97
beatiful/_young,beautiful,marina_res,marina,res,11/17/2025,17:43:47,1,1,98
vibrant/_gay,vibrant,marina_res,castro,res,11/17/2025,17:43:47,1,2,98
i'm_new_to_the_city,antitask,marina_res,castro,res,11/17/2025,17:45:29,0,2,99
silly,silly,marina_res,marina,res,11/17/2025,17:45:29,1,1,99
i_just_moved_here,antitask,marina_res,castro,res,11/17/2025,17:45:43,0,2,100
fun,fun,marina_res,marina,res,11/17/2025,17:45:43,0,1,100
i've_never_been_there,antitask,marina_res,castro,res,11/17/2025,17:47:14,0,2,101
fancy,fancy,marina_res,marina,res,11/17/2025,17:47:14,0,1,101
frat,frat,marina_res,marina,res,11/17/2025,17:47:37,0,1,102
fun,fun,marina_res,castro,res,11/17/2025,17:47:37,0,2,102
a_harbor,harbor,marina_res,marina,res,11/17/2025,17:50:22,0,1,103
neighborhood,neighborhood,marina_res,castro,res,11/17/2025,17:50:22,1,2,103
don't_go_enough_to_give_you_that_unfortunately,antitask,marina_res,castro,res,11/17/2025,17:53:15,0,2,104
stereotypical,stereotypical,marina_res,marina,res,11/17/2025,17:53:15,0,1,104
old_and_new...._character,eclectic,marina_res,marina,res,11/17/2025,17:54:17,1,1,105
old_fashioned,old,marina_res,castro,res,11/17/2025,17:54:17,1,2,105
nice_a_little_stale_green,nice,marina_res,marina,res,11/17/2025,17:54:53,0,1,106
unique_original_a_little_dirty,unique,marina_res,castro,res,11/17/2025,17:54:53,0,2,106
expensive,expensive,marina_res,marina,res,11/19/2025,14:47:15,0,1,107
vibrant,vibrant,marina_res,castro,res,11/19/2025,14:47:15,1,2,107
a_great_neighborhood_too,great,marina_res,castro,res,11/19/2025,14:49:30,0,2,108
amazing,amazing,marina_res,marina,res,11/19/2025,14:49:30,0,1,108
"gay_capital_of_the_world_(""all_in_one_word"")",gay,marina_res,castro,res,11/19/2025,14:50:12,0,2,109
pretentious,pretentious,marina_res,marina,res,11/19/2025,14:50:12,0,1,109
i_don't_think_i've_been_to_the_castro_i'm_a_visitor,antitask,marina_res,castro,res,11/19/2025,14:51:25,0,2,110
coziness,coziness,marina_res,marina,res,11/19/2025,14:51:25,0,1,110
i_don't_know_i'm_sorry,antitask,marina_res,castro,res,11/19/2025,14:53:39,0,2,111
chilly,chilly,marina_res,marina,res,11/19/2025,14:53:39,1,1,111
youthful,youthful,marina_res,marina,res,11/19/2025,14:53:47,1,1,112
changing,changing,marina_res,castro,res,11/19/2025,14:53:47,1,2,112
young,young,marina_res,marina,res,11/19/2025,14:54:13,0,1,113
gay,gay,marina_res,castro,res,11/19/2025,14:54:13,0,2,113
energetic,energetic,marina_res,marina,res,11/19/2025,14:55:46,1,1,114
colorful,colorful,marina_res,castro,res,11/19/2025,14:55:46,0,2,114
yuppie,yuppie,marina_res,marina,res,11/19/2025,14:56:36,0,1,115
gay,gay,marina_res,castro,res,11/19/2025,14:56:36,0,2,115
bougie_(depends_on_who_is_asking),bougie,marina_res,marina,res,11/19/2025,14:57:16,1,1,116
gay,gay,marina_res,castro,res,11/19/2025,14:57:16,0,2,116
dog_friendly,dog,marina_res,marina,res,11/19/2025,15:01:30,0,1,117
i_don't_know,antitask,marina_res,castro,res,11/19/2025,15:01:30,0,2,117
varied,varied,marina_res,marina,res,11/19/2025,15:03:26,0,1,118
beautiful,beautiful,marina_res,castro,res,11/19/2025,15:03:26,0,2,118
post-college_post-grad_school_young_professionals_turning_into_families,yuppie,marina_res,marina,res,11/19/2025,15:05:20,0,1,119
i_don't_know_about_that,antitask,marina_res,castro,res,11/19/2025,15:05:20,0,2,119
basic,basic,marina_res,marina,res,11/19/2025,15:07:40,0,1,120
dance,dance,marina_res,castro,res,11/19/2025,15:07:40,0,2,120
pretty_busy,busy,marina_res,castro,res,11/19/2025,15:08:03,0,2,121
gorgeous,gorgeous,marina_res,marina,res,11/19/2025,15:08:03,0,1,121
teaming,teaming,marina_res,marina,res,11/19/2025,15:08:45,1,1,122
colorful,colorful,marina_res,castro,res,11/19/2025,15:08:45,0,2,122
upper_middle_class,upper_middle_class,marina_res,marina,res,11/19/2025,15:08:49,0,1,123
gay,gay,marina_res,castro,res,11/19/2025,15:08:49,0,2,123
i_don't_know_the_castro_so_well,antitask,marina_res,castro,res,11/19/2025,15:10:17,0,2,124
social,social,marina_res,marina,res,11/19/2025,15:10:17,0,1,124
transplant,transplant,marina_res,marina,res,11/19/2025,15:10:35,0,1,125
colorful,colorful,marina_res,castro,res,11/19/2025,15:10:35,0,2,125
way_better,better,marina_res,castro,res,11/19/2025,15:11:20,0,2,126
ehhh,ehhh,marina_res,marina,res,11/19/2025,15:11:20,0,1,126
energetic,energetic,marina_res,marina,res,11/19/2025,15:11:55,0,1,127
vibrant,vibrant,marina_res,castro,res,11/19/2025,15:11:55,0,2,127
buzzy,buzzy,marina_res,marina,res,11/19/2025,15:14:31,0,1,128
spicy,spicy,marina_res,castro,res,11/19/2025,15:14:31,1,2,128
affluent,affluent,marina_res,marina,res,11/19/2025,15:15:39,0,1,129
gay,gay,marina_res,castro,res,11/19/2025,15:15:39,1,2,129
eclectic,eclectic,marina_res,marina,res,11/19/2025,15:15:41,0,1,130
fun,fun,marina_res,castro,res,11/19/2025,15:15:41,0,2,130
terrifying,terrifying,marina_res,marina,res,11/19/2025,15:17:15,0,1,131
sad,sad,marina_res,castro,res,11/19/2025,15:17:15,0,2,131
active,active,marina_res,marina,res,11/19/2025,15:18:02,0,1,132
friendly,friendly,marina_res,castro,res,11/19/2025,15:18:02,1,2,132
i_don't_usually_go_over_there_so_i'm_not_really_sure,antitask,marina_res,castro,res,11/19/2025,15:18:57,0,2,133
walkable,walkable,marina_res,marina,res,11/19/2025,15:18:57,0,1,133
unhinged,unhinged,marina_res,marina,res,11/19/2025,15:20:09,0,1,134
fun,fun,marina_res,castro,res,11/19/2025,15:20:09,0,2,134
privileged,privileged,marina_res,marina,res,11/19/2025,15:20:45,0,1,135
gay,gay,marina_res,castro,res,11/19/2025,15:20:45,0,2,135
i've_never_been_there,antitask,marina_res,castro,res,11/19/2025,15:22:22,0,2,136
flat,flat,marina_res,marina,res,11/19/2025,15:22:22,0,1,136
cool_(with_effect_potentially_ironic?),cool,marina_res,marina,res,11/19/2025,15:23:24,0,1,137
less_cool_but_cool,cool,marina_res,castro,res,11/19/2025,15:23:24,0,2,137
not_for_me,antitask,marina_res,castro,res,11/19/2025,15:24:23,0,2,138
lovely,lovely,marina_res,marina,res,11/19/2025,15:24:23,0,1,138
i_haven't_been_there,antitask,marina_res,castro,res,11/19/2025,15:25:22,0,2,139
lively,lively,marina_res,marina,res,11/19/2025,15:25:22,0,1,139
privileged_(derogatory),privileged,marina_res,marina,res,11/19/2025,15:25:24,0,1,140
vibrant,vibrant,marina_res,castro,res,11/19/2025,15:25:24,0,2,140
unknown_(or_halloween),antitask,marina_res,castro,res,11/19/2025,15:27:05,1,2,141
restaurants,restaurants,marina_res,marina,res,11/19/2025,15:27:05,0,1,141
idk_i've_never_been_there,antitask,marina_res,castro,res,11/19/2025,15:29:49,0,2,142
central,central,marina_res,marina,res,11/19/2025,15:29:49,0,1,142
vibrant,vibrant,marina_res,marina,res,11/19/2025,15:30:34,0,1,143
vibrant,vibrant,marina_res,castro,res,11/19/2025,15:30:34,0,2,143
gay_families_restaurants_good_homes,gay,marina_res,castro,res,11/19/2025,15:31:38,0,2,144
pleasant,pleasant,marina_res,marina,res,11/19/2025,15:31:38,0,1,144
attractive,attractive,marina_res,marina,res,11/19/2025,15:33:04,1,1,145
gay,gay,marina_res,castro,res,11/19/2025,15:33:04,0,2,145
not_too_exciting._not_a_place_i'd_go_to,not_exciting,marina_res,castro,res,11/19/2025,15:37:31,0,2,146
simple,simple,marina_res,marina,res,11/19/2025,15:37:31,0,1,146
safe,safe,marina_res,marina,res,11/19/2025,15:38:06,0,1,147
gay,gay,marina_res,castro,res,11/19/2025,15:38:06,0,2,147
pretty_hip,hip,marina_res,marina,res,11/19/2025,15:39:06,0,1,148
very_lively,lively,marina_res,castro,res,11/19/2025,15:39:06,0,2,148
i've_only_driven_through_the_castro_a_couple_of_times_so_idk,antitask,marina_res,castro,res,11/19/2025,15:40:33,0,2,149
vibey,vibey,marina_res,marina,res,11/19/2025,15:40:33,0,1,149
i_don't_know,antitask,marina_res,castro,res,11/19/2025,15:40:51,0,2,150
families,families,marina_res,marina,res,11/19/2025,15:40:51,0,1,150
in_a_bubble,bubble,marina_res,marina,res,11/19/2025,15:41:32,0,1,151
fun,fun,marina_res,castro,res,11/19/2025,15:41:32,0,2,151
fratty,frat,marina_res,marina,res,11/19/2025,15:41:52,0,1,152
fruity,fruity,marina_res,castro,res,11/19/2025,15:41:52,0,2,152
best_(for_nannies),nannies,marina_res,marina,res,11/19/2025,15:45:14,0,1,153
i_don't_know,antitask,marina_res,castro,res,11/19/2025,15:45:14,0,2,153
homogenous,homogenous,marina_res,marina,res,11/19/2025,15:45:29,0,1,154
alive,alive,marina_res,castro,res,11/19/2025,15:45:29,0,2,154
awesome,awesome,marina_res,marina,res,11/19/2025,15:46:37,0,1,155
great,great,marina_res,castro,res,11/19/2025,15:46:37,0,2,155
the_chief_gay_district_in_the_city,gay,marina_res,castro,res,11/19/2025,15:47:24,0,2,156
flat,flat,marina_res,marina,res,11/19/2025,15:47:24,0,1,156
i_dunno,antitask,marina_res,castro,res,11/19/2025,15:47:51,0,2,157
pleasant,pleasant,marina_res,marina,res,11/19/2025,15:47:51,0,1,157
beautiful,beautiful,marina_res,marina,res,11/19/2025,15:49:19,1,1,158
lively,lively,marina_res,castro,res,11/19/2025,15:49:19,0,2,158
extravagant,extravagant,mission_res,mission,res,11/11/2025,14:41:44,1,1,159
gay,gay,mission_res,castro,res,11/11/2025,14:41:44,1,2,159
fake,fake,mission_res,mission,res,11/11/2025,14:43:42,0,1,160
gay,gay,mission_res,castro,res,11/11/2025,14:43:42,0,2,160
chaotic,chaotic,mission_res,mission,res,11/11/2025,14:44:20,0,1,161
fun,fun,mission_res,castro,res,11/11/2025,14:44:20,0,2,161
enjoyable,enjoyable,mission_res,mission,res,11/11/2025,14:45:22,0,1,162
farther,farther,mission_res,castro,res,11/11/2025,14:45:22,0,2,162
bonito,bonito,mission_res,mission,res,11/11/2025,14:46:57,1,1,163
bonito,bonito,mission_res,castro,res,11/11/2025,14:46:57,0,2,163
character,character,mission_res,mission,res,11/11/2025,14:47:08,0,1,164
gay,gay,mission_res,castro,res,11/11/2025,14:47:08,0,2,164
diverse,diverse,mission_res,mission,res,11/11/2025,14:48:37,1,1,165
gay,gay,mission_res,castro,res,11/11/2025,14:48:37,0,2,165
robust,robust,mission_res,mission,res,11/11/2025,14:49:52,1,1,166
gay,gay,mission_res,castro,res,11/11/2025,14:49:52,0,2,166
peligrosa,peligroso,mission_res,mission,res,11/11/2025,14:50:39,1,1,167
bonita,bonito,mission_res,castro,res,11/11/2025,14:50:39,1,2,167
tight,tight,mission_res,mission,res,11/11/2025,14:51:19,1,1,168
colorful,colorful,mission_res,castro,res,11/11/2025,14:51:19,0,2,168
también_bonito,bonito,mission_res,castro,res,11/11/2025,14:51:50,0,2,169
bonito,bonito,mission_res,mission,res,11/11/2025,14:51:50,0,1,169
colorful,colorful,mission_res,mission,res,11/11/2025,14:52:40,0,1,170
spanky,spanky,mission_res,castro,res,11/11/2025,14:52:40,0,2,170
amazing,amazing,mission_res,mission,res,11/11/2025,14:55:43,0,1,171
fun,fun,mission_res,castro,res,11/11/2025,14:55:43,1,2,171
colourful,colorful,mission_res,mission,res,11/11/2025,14:55:50,0,1,172
rainbow,rainbow,mission_res,castro,res,11/11/2025,14:55:50,0,2,172
vibrant,vibrant,mission_res,mission,res,11/11/2025,14:56:01,1,1,173
exciting,exciting,mission_res,castro,res,11/11/2025,14:56:01,0,2,173
lively,lively,mission_res,mission,res,11/11/2025,14:58:28,1,1,174
colorful,colorful,mission_res,castro,res,11/11/2025,14:58:28,0,2,174
vibrant,vibrant,mission_res,mission,res,11/11/2025,14:59:11,0,1,175
poppin,poppin,mission_res,castro,res,11/11/2025,14:59:11,0,2,175
dichotomy,dichotomy,mission_res,mission,res,11/11/2025,15:00:49,0,1,176
fun,fun,mission_res,castro,res,11/11/2025,15:00:49,0,2,176
queer_history,queer,mission_res,castro,res,11/11/2025,15:01:28,0,2,177
flags,flags,mission_res,mission,res,11/11/2025,15:01:28,1,1,177
creative,creative,mission_res,mission,res,11/11/2025,15:03:34,0,1,178
na,antitask,mission_res,castro,res,11/11/2025,15:03:34,0,2,178
interesting,interesting,mission_res,mission,res,11/11/2025,15:04:02,1,1,179
different,different,mission_res,castro,res,11/11/2025,15:04:02,0,2,179
authentic,authentic,mission_res,mission,res,11/11/2025,15:04:53,1,1,180
liberating,liberating,mission_res,castro,res,11/11/2025,15:04:53,1,2,180
beautiful,beautiful,mission_res,mission,res,11/11/2025,15:05:25,0,1,181
gorgeous,gorgeous,mission_res,castro,res,11/11/2025,15:05:25,0,2,181
edge,edge,mission_res,mission,res,11/11/2025,15:06:18,0,1,182
love,love,mission_res,castro,res,11/11/2025,15:06:18,1,2,182
home,home,mission_res,mission,res,11/11/2025,15:06:23,0,1,183
lively,lively,mission_res,castro,res,11/11/2025,15:06:23,1,2,183
eclectic,eclectic,mission_res,mission,res,11/11/2025,15:08:17,0,1,184
shiny,shiny,mission_res,castro,res,11/11/2025,15:08:17,0,2,184
sunny,sunny,mission_res,mission,res,11/11/2025,15:08:54,1,1,185
colourful,colorful,mission_res,castro,res,11/11/2025,15:08:54,1,2,185
hispanic,hispanic,mission_res,mission,res,11/11/2025,15:09:33,0,1,186
gay,gay,mission_res,castro,res,11/11/2025,15:09:33,0,2,186
cosmopolitan,cosmopolitan,mission_res,mission,res,11/11/2025,15:09:56,0,1,187
gay,gay,mission_res,castro,res,11/11/2025,15:09:56,0,2,187
eclectic,eclectic,mission_res,mission,res,11/11/2025,15:11:00,0,1,188
na,antitask,mission_res,castro,res,11/11/2025,15:11:00,0,2,188
beautiful,beautiful,mission_res,mission,res,11/11/2025,15:12:34,0,1,189
beautiful,beautiful,mission_res,castro,res,11/11/2025,15:12:34,0,2,189
amazing,amazing,mission_res,mission,res,11/11/2025,15:13:41,0,1,190
cool,cool,mission_res,castro,res,11/11/2025,15:13:41,0,2,190
gay_*but_is_changing,gay,mission_res,castro,res,11/11/2025,15:14:45,1,2,191
diverse,diverse,mission_res,mission,res,11/11/2025,15:14:45,0,1,191
eclectic,eclectic,mission_res,mission,res,11/11/2025,15:15:09,1,1,192
open,open,mission_res,castro,res,11/11/2025,15:15:09,0,2,192
party_time,party,mission_res,castro,res,11/11/2025,15:16:25,1,2,193
flavorful,flavorful,mission_res,mission,res,11/11/2025,15:16:25,1,1,193
also_amazing,amazing,mission_res,castro,res,11/11/2025,15:17:18,0,2,194
amazing,amazing,mission_res,mission,res,11/11/2025,15:17:18,0,1,194
heritage,heritage,mission_res,mission,res,11/11/2025,15:19:51,0,1,195
legacy,legacy,mission_res,castro,res,11/11/2025,15:19:51,0,2,195
gentrified,gentrified,mission_res,mission,res,11/11/2025,15:21:14,0,1,196
transplants,transplants,mission_res,castro,res,11/11/2025,15:21:14,0,2,196
hispanic,hispanic,mission_res,mission,res,11/11/2025,15:22:20,0,1,197
drugs,drugs,mission_res,castro,res,11/11/2025,15:22:20,1,2,197
beautiful_(changed_to_cultural_after_castro),beautiful,mission_res,mission,res,11/11/2025,15:25:04,1,1,198
gay_and_fun,gay,mission_res,castro,res,11/11/2025,15:25:04,0,2,198
also_beautiful,beautiful,mission_res,castro,res,11/11/2025,15:26:01,0,2,199
beautiful,beautiful,mission_res,mission,res,11/11/2025,15:26:01,0,1,199
chill,chill,mission_res,mission,res,11/11/2025,15:28:46,0,1,200
hectic,hectic,mission_res,castro,res,11/11/2025,15:28:46,0,2,200
vibrant,vibrant,mission_res,mission,res,11/11/2025,15:30:57,0,1,201
exuberant,exuberant,mission_res,castro,res,11/11/2025,15:30:57,0,2,201
bien_bonito,bonito,mission_res,mission,res,11/11/2025,15:36:33,0,1,202
igual,bonito,mission_res,castro,res,11/11/2025,15:36:33,0,2,202
wonderful,wonderful,mission_res,mission,res,11/11/2025,15:37:13,0,1,203
different,different,mission_res,castro,res,11/11/2025,15:37:13,0,2,203
fun,fun,mission_res,mission,res,11/11/2025,15:37:23,0,1,204
clean,clean,mission_res,castro,res,11/11/2025,15:37:23,1,2,204
community,community,mission_res,mission,res,11/11/2025,15:38:12,0,1,205
historical,historic,mission_res,castro,res,11/11/2025,15:38:12,0,2,205
unique,unique,mission_res,mission,res,11/11/2025,15:39:16,0,1,206
diversity,diverse,mission_res,castro,res,11/11/2025,15:39:16,1,2,206
gritty,gritty,mission_res,mission,res,11/11/2025,15:40:07,1,1,207
rainbow,rainbow,mission_res,castro,res,11/11/2025,15:40:07,0,2,207
comunidad_latina,latino,mission_res,mission,res,11/11/2025,15:42:45,1,1,208
genero_diferente,gender,mission_res,castro,res,11/11/2025,15:42:45,1,2,208
fun,fun,mission_res,mission,res,11/11/2025,15:44:14,0,1,209
fun,fun,mission_res,castro,res,11/11/2025,15:44:14,0,2,209
colourful,colorful,mission_res,mission,res,11/11/2025,15:45:44,1,1,210
trendier,trendier,mission_res,castro,res,11/11/2025,15:45:44,1,2,210
diverse,diverse,mission_res,mission,res,11/11/2025,15:46:07,0,1,211
exciting,exciting,mission_res,castro,res,11/11/2025,15:46:07,0,2,211
latinos,latino,mission_res,mission,res,11/11/2025,15:48:21,0,1,212
especial,especial,mission_res,castro,res,11/11/2025,15:48:21,1,2,212
home,home,mission_res,mission,res,11/11/2025,15:48:50,1,1,213
close,close,mission_res,castro,res,11/11/2025,15:48:50,1,2,213
eclectic,eclectic,mission_res,mission,res,11/11/2025,15:49:48,0,1,214
gay,gay,mission_res,castro,res,11/11/2025,15:49:48,0,2,214
eclectic,eclectic,mission_res,mission,res,11/11/2025,15:50:22,0,1,215
vibrant,vibrant,mission_res,castro,res,11/11/2025,15:50:22,0,2,215
comunidad_latina,latino,mission_res,mission,res,11/11/2025,15:51:30,1,1,216
también_comunidad,community,mission_res,castro,res,11/11/2025,15:51:30,1,2,216
complicated,complicated,mission_res,mission,res,11/11/2025,15:52:25,0,1,217
vibrant,vibrant,mission_res,castro,res,11/11/2025,15:52:25,1,2,217
familiar,familiar,mission_res,mission,res,11/11/2025,15:53:26,1,1,218
igual,familiar,mission_res,castro,res,11/11/2025,15:53:26,0,2,218
colorful,colorful,mission_res,mission,res,11/11/2025,15:55:06,1,1,219
festive,festive,mission_res,castro,res,11/11/2025,15:55:06,0,2,219
bueno_de_latinos,latino,mission_res,mission,res,11/11/2025,15:55:14,0,1,220
gay,gay,mission_res,castro,res,11/11/2025,15:55:14,0,2,220
culture,culture,mission_res,mission,res,11/11/2025,15:56:02,1,1,221
colourful,colorful,mission_res,castro,res,11/11/2025,15:56:02,0,2,221
pretty,pretty,mission_res,mission,res,11/11/2025,15:56:47,1,1,222
nice,nice,mission_res,castro,res,11/11/2025,15:56:47,1,2,222
awesome,awesome,mission_res,mission,res,11/11/2025,15:57:49,0,1,223
fun,fun,mission_res,castro,res,11/11/2025,15:57:49,1,2,223
vibrant,vibrant,mission_res,mission,res,11/11/2025,15:58:08,0,1,224
eclectic,eclectic,mission_res,castro,res,11/11/2025,15:58:08,0,2,224
fun,fun,mission_res,mission,res,11/11/2025,15:58:51,0,1,225
funner,funner,mission_res,castro,res,11/11/2025,15:58:51,0,2,225
bien_sucio,sucio,mission_res,mission,res,11/11/2025,15:59:00,0,1,226
tranquilo,tranquilo,mission_res,castro,res,11/11/2025,15:59:00,1,2,226
expansive,expansive,mission_res,mission,res,11/11/2025,15:59:47,0,1,227
gay,gay,mission_res,castro,res,11/11/2025,15:59:47,0,2,227
eclectic,eclectic,mission_res,mission,res,11/11/2025,16:01:27,0,1,228
colorful,colorful,mission_res,castro,res,11/11/2025,16:01:27,0,2,228
also_spicy,spicy,mission_res,castro,res,11/11/2025,16:02:05,0,2,229
spicy,spicy,mission_res,mission,res,11/11/2025,16:02:05,0,1,229
diverse,diverse,mission_res,mission,res,11/11/2025,16:03:12,0,1,230
fun,fun,mission_res,castro,res,11/11/2025,16:03:12,0,2,230
latino,latino,mission_res,mission,res,11/11/2025,16:04:16,0,1,231
comunidad,comunidad,mission_res,castro,res,11/11/2025,16:04:16,1,2,231
beautiful,beautiful,mission_res,mission,res,11/11/2025,16:05:02,0,1,232
stunning,stunning,mission_res,castro,res,11/11/2025,16:05:02,0,2,232
vibrant_dying,vibrant,mission_res,mission,res,11/11/2025,16:05:42,0,1,233
also_dying,dying,mission_res,castro,res,11/11/2025,16:05:42,0,2,233
eclectic,eclectic,mission_res,mission,res,11/11/2025,16:06:20,1,1,234
friendly,friendly,mission_res,castro,res,11/11/2025,16:06:20,1,2,234
vibrant,vibrant,mission_res,mission,res,11/11/2025,16:06:40,0,1,235
gay,gay,mission_res,castro,res,11/11/2025,16:06:40,0,2,235
"comunidad_(changes_to_""cultura""_after_hearing_castro)",comunidad,mission_res,mission,res,11/11/2025,16:08:51,0,1,236
comunidad,comunidad,mission_res,castro,res,11/11/2025,16:08:51,1,2,236
mexican,mexican,mission_res,mission,res,11/11/2025,16:09:33,0,1,237
naked,naked,mission_res,castro,res,11/11/2025,16:09:33,1,2,237
home,home,mission_res,mission,res,11/11/2025,16:10:15,1,1,238
alive,alive,mission_res,castro,res,11/11/2025,16:10:15,0,2,238
vibrant,vibrant,mission_res,mission,res,11/11/2025,16:10:45,0,1,239
community,community,mission_res,castro,res,11/11/2025,16:10:45,0,2,239
artistic,artistic,mission_res,mission,res,11/11/2025,16:12:57,1,1,240
quiet,quiet,mission_res,castro,res,11/11/2025,16:12:57,1,2,240
vibrant,vibrant,mission_res,mission,res,11/11/2025,16:14:43,1,1,241
dynamic,dynamic,mission_res,castro,res,11/11/2025,16:14:43,1,2,241
dynamic,dynamic,mission_res,mission,res,11/11/2025,16:14:53,0,1,242
gay,gay,mission_res,castro,res,11/11/2025,16:14:53,0,2,242
gay,gay,marina_res,castro,res,11/17/2025,16:41:36,0,1,243
preppy,preppy,marina_res,marina,res,11/17/2025,16:41:36,0,2,243
lively,lively,marina_res,castro,res,11/17/2025,16:42:35,1,1,244
yuppies,yuppie,marina_res,marina,res,11/17/2025,16:42:35,0,2,244
pride,pride,marina_res,castro,res,11/17/2025,16:43:02,0,1,245
water,water,marina_res,marina,res,11/17/2025,16:43:02,0,2,245
pride,pride,marina_res,castro,res,11/17/2025,16:45:53,0,1,246
meh,meh,marina_res,marina,res,11/17/2025,16:45:53,0,2,246
lively,lively,marina_res,castro,res,11/17/2025,16:47:10,0,1,247
approachable,approachable,marina_res,marina,res,11/17/2025,16:47:10,0,2,247
sf,sf,marina_res,castro,res,11/17/2025,16:47:36,0,1,248
sf,sf,marina_res,marina,res,11/17/2025,16:47:36,0,2,248
fun,fun,marina_res,castro,res,11/17/2025,16:48:08,0,1,249
work,work,marina_res,marina,res,11/17/2025,16:48:08,0,2,249
gay,gay,marina_res,castro,res,11/17/2025,16:48:31,0,1,250
white,white,marina_res,marina,res,11/17/2025,16:48:31,0,2,250
lit,lit,marina_res,castro,res,11/17/2025,16:48:58,1,1,251
fun,fun,marina_res,marina,res,11/17/2025,16:48:58,1,2,251
gay,gay,marina_res,castro,res,11/17/2025,16:50:22,0,1,252
white,white,marina_res,marina,res,11/17/2025,16:50:22,0,2,252
dinero_(long_response),dinero,marina_res,marina,res,11/17/2025,16:51:17,1,2,253
nada,nada,marina_res,castro,res,11/17/2025,16:51:17,1,1,253
marina_meats,marina_meats,marina_res,marina,res,11/17/2025,16:52:17,1,2,254
soulcycle,soulcycle,marina_res,castro,res,11/17/2025,16:52:17,0,1,254
big_change_(personally_used_to_live_in_the_castro),change,marina_res,marina,res,11/17/2025,16:53:27,0,2,255
beautiful,beautiful,marina_res,castro,res,11/17/2025,16:53:27,0,1,255
rainbow,rainbow,marina_res,castro,res,11/17/2025,16:55:47,1,1,256
frat,frat,marina_res,marina,res,11/17/2025,16:55:47,0,2,256
young_people,young,marina_res,marina,res,11/17/2025,16:56:45,0,2,257
hippies,hippies,marina_res,castro,res,11/17/2025,16:56:45,0,1,257
fun_lively,fun,marina_res,castro,res,11/17/2025,17:00:09,0,1,258
hustling_bustling,bustling,marina_res,marina,res,11/17/2025,17:00:09,0,2,258
homosexuales_y_lesbianas,homosexuales,marina_res,castro,res,11/17/2025,17:01:40,0,1,259
turismo_lanchas,tourists,marina_res,marina,res,11/17/2025,17:01:40,0,2,259
gay,gay,marina_res,castro,res,11/17/2025,17:02:08,0,1,260
frat,frat,marina_res,marina,res,11/17/2025,17:02:08,0,2,260
young_people,young,marina_res,marina,res,11/17/2025,17:03:00,0,2,261
colors,colors,marina_res,castro,res,11/17/2025,17:03:00,0,1,261
castro_theater,theater,marina_res,castro,res,11/17/2025,17:04:34,0,1,262
yuppie,yuppie,marina_res,marina,res,11/17/2025,17:04:34,1,2,262
gay,gay,marina_res,castro,res,11/17/2025,17:05:27,0,1,263
boujee,boujee,marina_res,marina,res,11/17/2025,17:05:27,0,2,263
never_go_there,antitask,marina_res,castro,res,11/17/2025,17:07:37,0,1,264
the_best,best,marina_res,marina,res,11/17/2025,17:07:37,0,2,264
good_restaurants,restaurants,marina_res,castro,res,11/17/2025,17:09:16,0,1,265
god_restaurants,restaurants,marina_res,marina,res,11/17/2025,17:09:16,0,2,265
by_the_water,water,marina_res,marina,res,11/17/2025,17:09:55,0,2,266
vibrant,vibrant,marina_res,castro,res,11/17/2025,17:09:55,0,1,266
gay_district,gay,marina_res,castro,res,11/17/2025,17:10:52,0,1,267
college_area,college,marina_res,marina,res,11/17/2025,17:10:52,0,2,267
gay,gay,marina_res,castro,res,11/17/2025,17:12:52,0,1,268
rich,rich,marina_res,marina,res,11/17/2025,17:12:52,0,2,268
near_the_mission,mission,marina_res,castro,res,11/17/2025,17:15:08,1,1,269
gentrified,gentrified,marina_res,marina,res,11/17/2025,17:15:08,0,2,269
pride,pride,marina_res,castro,res,11/17/2025,17:17:53,0,1,270
peace,peace,marina_res,marina,res,11/17/2025,17:17:53,0,2,270
less_fun,less_fun,marina_res,marina,res,11/17/2025,17:18:43,0,2,271
fun,fun,marina_res,castro,res,11/17/2025,17:18:43,0,1,271
party,party,marina_res,castro,res,11/17/2025,17:20:07,0,1,272
white,white,marina_res,marina,res,11/17/2025,17:20:07,0,2,272
theater,theater,marina_res,castro,res,11/17/2025,17:21:13,0,1,273
restaurants,restaurants,marina_res,marina,res,11/17/2025,17:21:13,0,2,273
chestnut_st,chestnut,marina_res,marina,res,11/17/2025,17:22:02,1,2,274
theater,theater,marina_res,castro,res,11/17/2025,17:22:02,1,1,274
bars_and_restaurants,bars,marina_res,marina,res,11/17/2025,17:27:17,1,2,275
parties,party,marina_res,castro,res,11/17/2025,17:27:17,0,1,275
gay,gay,marina_res,castro,res,11/17/2025,17:28:32,0,1,276
privilege,privileged,marina_res,marina,res,11/17/2025,17:28:32,0,2,276
hot_girls,hot_girls,marina_res,marina,res,11/17/2025,17:33:27,1,2,277
gay,gay,marina_res,castro,res,11/17/2025,17:33:27,0,1,277
great_place_to_be,great,marina_res,marina,res,11/17/2025,17:39:06,0,2,278
dead,dead,marina_res,castro,res,11/17/2025,17:39:06,0,1,278
gay,gay,marina_res,castro,res,11/17/2025,17:40:22,0,1,279
bro,bro,marina_res,marina,res,11/17/2025,17:40:22,0,2,279
my_brother_lives_there,brother,marina_res,castro,res,11/17/2025,17:45:20,0,1,280
i_live_here,live,marina_res,marina,res,11/17/2025,17:45:20,0,2,280
white_bitches,white,marina_res,marina,res,11/17/2025,17:46:05,0,2,281
gay,gay,marina_res,castro,res,11/17/2025,17:46:05,0,1,281
dude_idk_it’s_like_my_third_day_in_the_us,antitask,marina_res,marina,res,11/17/2025,17:48:01,0,2,282
gay,gay,marina_res,castro,res,11/17/2025,17:48:01,0,1,282
gay,gay,marina_res,castro,res,11/17/2025,17:58:41,0,1,283
douchey,douchey,marina_res,marina,res,11/17/2025,17:58:41,0,2,283
architecture,architecture,marina_res,castro,res,11/19/2025,15:51:47,0,1,284
active,active,marina_res,marina,res,11/19/2025,15:51:47,0,2,284
just_visited,visited,marina_res,marina,res,11/19/2025,15:55:19,0,2,285
unknown,unknown,marina_res,castro,res,11/19/2025,15:55:19,0,1,285
gay,gay,marina_res,castro,res,11/19/2025,16:00:00,0,1,286
frat,frat,marina_res,marina,res,11/19/2025,16:00:00,0,2,286
gay,gay,marina_res,castro,res,11/19/2025,16:01:50,0,1,287
la,la,marina_res,marina,res,11/19/2025,16:01:50,0,2,287
personality,personality,marina_res,castro,res,11/19/2025,16:02:46,1,1,288
cozy,cozy,marina_res,marina,res,11/19/2025,16:02:46,0,2,288
fun,fun,marina_res,castro,res,11/19/2025,16:05:46,0,1,289
young,young,marina_res,marina,res,11/19/2025,16:05:46,0,2,289
gay,gay,marina_res,castro,res,11/19/2025,16:10:17,0,1,290
white,white,marina_res,marina,res,11/19/2025,16:10:17,0,2,290
sf_fun_friendly,fun,marina_res,castro,res,11/19/2025,16:13:24,0,1,291
safe_family,safe,marina_res,marina,res,11/19/2025,16:13:24,0,2,291
i_don't_know,antitask,marina_res,castro,res,11/19/2025,16:18:19,0,1,292
bougie,bougie,marina_res,marina,res,11/19/2025,16:18:19,0,2,292
historically_gay,gay,marina_res,castro,res,11/19/2025,16:20:44,0,1,293
affluent,affluent,marina_res,marina,res,11/19/2025,16:20:44,0,2,293
gay,gay,marina_res,castro,res,11/19/2025,16:22:13,0,1,294
preppy,preppy,marina_res,marina,res,11/19/2025,16:22:13,0,2,294
gay,gay,marina_res,castro,res,11/19/2025,16:23:17,0,1,295
wealthy,wealthy,marina_res,marina,res,11/19/2025,16:23:17,0,2,295
flamboyant,flamboyant,marina_res,castro,res,11/19/2025,16:24:01,0,1,296
preppy,preppy,marina_res,marina,res,11/19/2025,16:24:01,0,2,296
very_different_but_fun,different,marina_res,marina,res,11/19/2025,16:24:38,0,2,297
fun,fun,marina_res,castro,res,11/19/2025,16:24:38,0,1,297
vibrant,vibrant,marina_res,castro,res,11/19/2025,16:25:16,0,1,298
young,young,marina_res,marina,res,11/19/2025,16:25:16,0,2,298
diverse,diverse,marina_res,castro,res,11/19/2025,16:27:57,0,1,299
safe,safe,marina_res,marina,res,11/19/2025,16:27:57,0,2,299
fun_(character),fun,marina_res,castro,res,11/19/2025,16:29:44,0,1,300
basic_(family_forward),basic,marina_res,marina,res,11/19/2025,16:29:44,0,2,300
gay,gay,marina_res,castro,res,11/19/2025,16:30:04,0,1,301
preppy,preppy,marina_res,marina,res,11/19/2025,16:30:04,0,2,301
vibrant,vibrant,marina_res,castro,res,11/19/2025,16:31:05,0,1,302
straight,straight,marina_res,marina,res,11/19/2025,16:31:05,0,2,302
vibrant,vibrant,marina_res,castro,res,11/19/2025,16:31:18,0,1,303
comfortable,comfortable,marina_res,marina,res,11/19/2025,16:31:18,0,2,303
also_nice,nice,marina_res,marina,res,11/19/2025,16:35:19,0,2,304
nice,nice,marina_res,castro,res,11/19/2025,16:35:19,0,1,304
i'm_not_sure,antitask,marina_res,castro,res,11/19/2025,16:36:18,0,1,305
ocean,ocean,marina_res,marina,res,11/19/2025,16:36:18,0,2,305
fun,fun,marina_res,castro,res,11/19/2025,16:38:20,0,1,306
trendy,trendy,marina_res,marina,res,11/19/2025,16:38:20,1,2,306
i_don't_know,antitask,marina_res,castro,res,11/19/2025,16:39:08,0,1,307
nice,nice,marina_res,marina,res,11/19/2025,16:39:08,0,2,307
fun,fun,marina_res,castro,res,11/19/2025,16:41:52,0,1,308
fun,fun,marina_res,marina,res,11/19/2025,16:41:52,0,2,308
a_lot_going_on,bustling,marina_res,marina,res,11/19/2025,16:42:31,0,2,309
fun,fun,marina_res,castro,res,11/19/2025,16:42:31,0,1,309
don't_know_(i'm_visitng),antitask,marina_res,castro,res,11/19/2025,16:43:44,0,1,310
friendly,friendly,marina_res,marina,res,11/19/2025,16:43:44,0,2,310
fun,fun,marina_res,castro,res,11/19/2025,16:45:00,0,1,311
young,young,marina_res,marina,res,11/19/2025,16:45:00,0,2,311
fun,fun,marina_res,castro,res,11/19/2025,16:48:33,0,1,312
water,water,marina_res,marina,res,11/19/2025,16:48:33,1,2,312
gay_mecca,gay,marina_res,castro,res,11/19/2025,16:51:02,0,1,313
tech_bros_and_gals,tech,marina_res,marina,res,11/19/2025,16:51:02,0,2,313
i'm_not_from_here,antitask,marina_res,castro,res,11/19/2025,16:54:58,0,1,314
bubbly,bubbly,marina_res,marina,res,11/19/2025,16:54:58,0,2,314
fun,fun,marina_res,castro,res,11/19/2025,16:56:59,0,1,315
beautiful,beautiful,marina_res,marina,res,11/19/2025,16:56:59,0,2,315
fun,fun,castro_vis,castro,vis,11/14/2025,21:40:18,0,1,316
gross,gross,castro_vis,marina,vis,11/14/2025,21:40:18,0,2,316
fun,fun,castro_vis,castro,vis,11/14/2025,22:28:01,0,1,317
residential,residential,castro_vis,marina,vis,11/14/2025,22:28:01,0,2,317
undefined,undefined,castro_vis,castro,vis,11/14/2025,22:32:43,0,1,318
yuppie,yuppie,castro_vis,marina,vis,11/14/2025,22:32:43,0,2,318
lively,lively,castro_vis,castro,vis,11/14/2025,22:41:03,0,1,319
white,white,castro_vis,marina,vis,11/14/2025,22:41:03,0,2,319
alive,alive,castro_vis,castro,vis,11/14/2025,22:41:48,0,1,320
chill,chill,castro_vis,marina,vis,11/14/2025,22:41:48,0,2,320
lively,lively,castro_vis,castro,vis,11/14/2025,22:43:12,0,1,321
plain,plain,castro_vis,marina,vis,11/14/2025,22:43:12,0,2,321
espectaculo,espectaculo,castro_vis,castro,vis,11/14/2025,22:44:25,0,1,322
españa,españa,castro_vis,marina,vis,11/14/2025,22:44:25,0,2,322
declining,declining,castro_vis,castro,vis,11/14/2025,22:44:29,0,1,323
unbeknownst,unbeknownst,castro_vis,marina,vis,11/14/2025,22:44:29,0,2,323
gay,gay,castro_vis,castro,vis,11/14/2025,22:45:06,0,1,324
wet,wet,castro_vis,marina,vis,11/14/2025,22:45:06,0,2,324
fun,fun,castro_vis,castro,vis,11/14/2025,22:45:10,0,1,325
unfun,unfun,castro_vis,marina,vis,11/14/2025,22:45:10,0,2,325
friendly,friendly,castro_vis,castro,vis,11/14/2025,22:45:43,0,1,326
touristy,tourists,castro_vis,marina,vis,11/14/2025,22:45:43,0,2,326
less_tolerant,less_tolerant,castro_vis,marina,vis,11/14/2025,22:46:04,0,2,327
tolerant,tolerant,castro_vis,castro,vis,11/14/2025,22:46:04,0,1,327
gay,gay,castro_vis,castro,vis,11/14/2025,22:46:20,0,1,328
rich,rich,castro_vis,marina,vis,11/14/2025,22:46:20,0,2,328
zesty,zesty,castro_vis,castro,vis,11/14/2025,22:46:53,0,1,329
unseasoned,unseasoned,castro_vis,marina,vis,11/14/2025,22:46:53,1,2,329
great,great,castro_vis,castro,vis,11/14/2025,22:47:24,0,1,330
sorority,sorority,castro_vis,marina,vis,11/14/2025,22:47:24,0,2,330
fun,fun,castro_vis,castro,vis,11/14/2025,22:49:49,0,1,331
beautiful,beautiful,castro_vis,marina,vis,11/14/2025,22:49:49,0,2,331
underwhelming,underwhelming,castro_vis,castro,vis,11/14/2025,22:49:54,0,1,332
touristy,tourists,castro_vis,marina,vis,11/14/2025,22:49:54,0,2,332
gay,gay,castro_vis,castro,vis,11/14/2025,22:50:21,0,1,333
posh,posh,castro_vis,marina,vis,11/14/2025,22:50:21,0,2,333
gay,gay,castro_vis,castro,vis,11/14/2025,22:50:43,0,1,334
straight,straight,castro_vis,marina,vis,11/14/2025,22:50:43,0,2,334
fun,fun,castro_vis,castro,vis,11/14/2025,22:50:56,0,1,335
boring,boring,castro_vis,marina,vis,11/14/2025,22:50:56,0,2,335
fun,fun,castro_vis,castro,vis,11/14/2025,22:51:29,0,1,336
racist,racist,castro_vis,marina,vis,11/14/2025,22:51:29,0,2,336
hilly,hilly,castro_vis,castro,vis,11/14/2025,22:51:41,0,1,337
flat,flat,castro_vis,marina,vis,11/14/2025,22:51:41,0,2,337
gay,gay,castro_vis,castro,vis,11/14/2025,22:52:03,0,1,338
white,white,castro_vis,marina,vis,11/14/2025,22:52:03,0,2,338
iconic,iconic,castro_vis,castro,vis,11/14/2025,22:52:49,0,1,339
bro,bro,castro_vis,marina,vis,11/14/2025,22:52:49,0,2,339
gay,gay,castro_vis,castro,vis,11/14/2025,22:53:14,0,1,340
bro,bro,castro_vis,marina,vis,11/14/2025,22:53:14,0,2,340
gay,gay,castro_vis,castro,vis,11/14/2025,22:53:24,0,1,341
white,white,castro_vis,marina,vis,11/14/2025,22:53:24,0,2,341
gay,gay,castro_vis,castro,vis,11/14/2025,22:54:02,0,1,342
basic,basic,castro_vis,marina,vis,11/14/2025,22:54:02,0,2,342
love,love,castro_vis,castro,vis,11/14/2025,22:54:28,0,1,343
na,antitask,castro_vis,marina,vis,11/14/2025,22:54:28,0,2,343
crazy,crazy,castro_vis,castro,vis,11/14/2025,22:54:32,0,1,344
horrible,horrible,castro_vis,marina,vis,11/14/2025,22:54:32,0,2,344
gay,gay,castro_vis,castro,vis,11/14/2025,22:55:08,0,1,345
rich,rich,castro_vis,marina,vis,11/14/2025,22:55:08,0,2,345
gay,gay,castro_vis,castro,vis,11/14/2025,22:56:02,0,1,346
bonito,bonito,castro_vis,marina,vis,11/14/2025,22:56:02,0,2,346
wonderful,wonderful,castro_vis,castro,vis,11/14/2025,22:56:19,0,1,347
na,antitask,castro_vis,marina,vis,11/14/2025,22:56:19,0,2,347
gay,gay,castro_vis,castro,vis,11/14/2025,22:56:29,0,1,348
gay,gay,castro_vis,marina,vis,11/14/2025,22:56:29,0,2,348
gay,gay,castro_vis,castro,vis,11/14/2025,22:57:37,0,1,349
tech,tech,castro_vis,marina,vis,11/14/2025,22:57:37,0,2,349
home,home,castro_vis,castro,vis,11/14/2025,22:58:11,0,1,350
ghetto,ghetto,castro_vis,marina,vis,11/14/2025,22:58:11,0,2,350
flamboyant,flamboyant,castro_vis,castro,vis,11/14/2025,22:59:23,0,1,351
happy,happy,castro_vis,marina,vis,11/14/2025,22:59:23,0,2,351
community,community,castro_vis,castro,vis,11/14/2025,23:00:10,0,1,352
bro,bro,castro_vis,marina,vis,11/14/2025,23:00:10,0,2,352
joy,joy,castro_vis,castro,vis,11/14/2025,23:01:49,0,1,353
snarky,snarky,castro_vis,marina,vis,11/14/2025,23:01:49,0,2,353
unique,unique,castro_vis,castro,vis,11/14/2025,23:02:09,0,1,354
peaceful,peaceful,castro_vis,marina,vis,11/14/2025,23:02:09,0,2,354
perfect,perfect,castro_vis,castro,vis,11/14/2025,23:02:35,0,1,355
straight,straight,castro_vis,marina,vis,11/14/2025,23:02:35,0,2,355
messy,messy,castro_vis,castro,vis,11/14/2025,23:03:06,0,1,356
sterile,sterile,castro_vis,marina,vis,11/14/2025,23:03:06,0,2,356
gay,gay,castro_vis,castro,vis,11/14/2025,23:04:48,0,1,357
straight,straight,castro_vis,marina,vis,11/14/2025,23:04:48,0,2,357
gay,gay,castro_vis,castro,vis,11/14/2025,23:05:18,0,1,358
white,white,castro_vis,marina,vis,11/14/2025,23:05:18,0,2,358
fabulous,fabulous,castro_vis,castro,vis,11/14/2025,23:06:13,0,1,359
posh,posh,castro_vis,marina,vis,11/14/2025,23:06:13,0,2,359
cunt,cunt,castro_vis,castro,vis,11/14/2025,23:07:41,0,1,360
gentrified,gentrified,castro_vis,marina,vis,11/14/2025,23:07:41,0,2,360
faggy,faggy,castro_vis,castro,vis,11/14/2025,23:07:53,0,1,361
tech,tech,castro_vis,marina,vis,11/14/2025,23:07:53,0,2,361
gay,gay,castro_vis,castro,vis,11/14/2025,23:10:43,0,1,362
straight,straight,castro_vis,marina,vis,11/14/2025,23:10:43,0,2,362
gay,gay,castro_vis,castro,vis,11/14/2025,23:10:48,0,1,363
snooty,snooty,castro_vis,marina,vis,11/14/2025,23:10:48,0,2,363
gay,gay,castro_vis,castro,vis,11/14/2025,23:11:47,0,1,364
straight,straight,castro_vis,marina,vis,11/14/2025,23:11:47,0,2,364
home,home,castro_vis,castro,vis,11/14/2025,23:11:56,0,1,365
ivy,ivy,castro_vis,marina,vis,11/14/2025,23:11:56,0,2,365
gay,gay,castro_vis,castro,vis,11/14/2025,23:12:48,0,1,366
lame,lame,castro_vis,marina,vis,11/14/2025,23:12:48,0,2,366
fun,fun,castro_vis,castro,vis,11/14/2025,23:12:52,0,1,367
bro,bro,castro_vis,marina,vis,11/14/2025,23:12:52,0,2,367
fun,fun,castro_vis,castro,vis,11/14/2025,23:13:36,0,1,368
bougie,bougie,castro_vis,marina,vis,11/14/2025,23:13:36,0,2,368
festive,festive,castro_vis,castro,vis,11/14/2025,23:14:03,0,1,369
grovel,grovel,castro_vis,marina,vis,11/14/2025,23:14:03,0,2,369
camp,camp,castro_vis,castro,vis,11/14/2025,23:14:17,0,1,370
fake,fake,castro_vis,marina,vis,11/14/2025,23:14:17,0,2,370
chaotic,chaotic,castro_vis,castro,vis,11/14/2025,23:15:42,0,1,371
fratboys,fratboys,castro_vis,marina,vis,11/14/2025,23:15:42,0,2,371
big,big,castro_vis,castro,vis,11/14/2025,23:15:42,0,1,372
na,antitask,castro_vis,marina,vis,11/14/2025,23:15:42,0,2,372
messy,messy,castro_vis,castro,vis,11/14/2025,23:16:26,0,1,373
posh,posh,castro_vis,marina,vis,11/14/2025,23:16:26,0,2,373
beautiful,beautiful,castro_vis,castro,vis,11/14/2025,23:16:36,0,1,374
amazing,amazing,castro_vis,marina,vis,11/14/2025,23:16:36,0,2,374
effervescent,effervescent,castro_vis,castro,vis,11/14/2025,23:18:06,1,1,375
bad,bad,castro_vis,marina,vis,11/14/2025,23:18:06,0,2,375
gay,gay,castro_vis,castro,vis,11/14/2025,23:18:58,0,1,376
straight,straight,castro_vis,marina,vis,11/14/2025,23:18:58,0,2,376
fantastic,fantastic,castro_vis,castro,vis,11/14/2025,23:19:01,0,1,377
boo,boo,castro_vis,marina,vis,11/14/2025,23:19:01,0,2,377
lively,lively,castro_vis,castro,vis,11/14/2025,23:19:56,0,1,378
young,young,castro_vis,marina,vis,11/14/2025,23:19:56,0,2,378
chaotic,chaotic,castro_vis,castro,vis,11/14/2025,23:20:25,0,1,379
stupid,stupid,castro_vis,marina,vis,11/14/2025,23:20:25,0,2,379
crazy,crazy,castro_vis,castro,vis,11/14/2025,23:21:59,0,1,380
drunk,drunk,castro_vis,marina,vis,11/14/2025,23:21:59,0,2,380
whacky,whacky,castro_vis,castro,vis,11/14/2025,23:22:48,0,1,381
barbie,barbie,castro_vis,marina,vis,11/14/2025,23:22:48,0,2,381
gay,gay,castro_vis,castro,vis,11/14/2025,23:22:51,0,1,382
waterside,waterside,castro_vis,marina,vis,11/14/2025,23:22:51,0,2,382
so_fun,fun,castro_vis,marina,vis,11/14/2025,23:23:28,0,2,383
gay,gay,castro_vis,castro,vis,11/14/2025,23:23:28,0,1,383
sleepy,sleepy,castro_vis,castro,vis,11/14/2025,23:25:01,0,1,384
bougie,bougie,castro_vis,marina,vis,11/14/2025,23:25:01,0,2,384
approachable,approachable,castro_vis,castro,vis,11/14/2025,23:25:17,0,1,385
fratty,frat,castro_vis,marina,vis,11/14/2025,23:25:17,0,2,385
gay,gay,castro_vis,castro,vis,11/14/2025,23:26:08,0,1,386
white,white,castro_vis,marina,vis,11/14/2025,23:26:08,0,2,386
fun,fun,castro_vis,castro,vis,11/14/2025,23:26:59,0,1,387
boring,boring,castro_vis,marina,vis,11/14/2025,23:26:59,0,2,387
palimpsest,palimpsest,castro_vis,castro,vis,11/14/2025,23:27:13,0,1,388
antediluvian,antediluvian,castro_vis,marina,vis,11/14/2025,23:27:13,0,2,388
quaint,quaint,castro_vis,castro,vis,11/14/2025,23:28:03,0,1,389
lazy,lazy,castro_vis,marina,vis,11/14/2025,23:28:03,0,2,389
fun,fun,castro_vis,castro,vis,11/14/2025,23:28:35,0,1,390
snobby,snobby,castro_vis,marina,vis,11/14/2025,23:28:35,0,2,390
vibrant,vibrant,castro_vis,castro,vis,11/14/2025,23:29:07,0,1,391
white,white,castro_vis,marina,vis,11/14/2025,23:29:07,0,2,391
boring,boring,castro_vis,castro,vis,11/14/2025,23:30:36,0,1,392
na,antitask,castro_vis,marina,vis,11/14/2025,23:30:36,0,2,392
gay,gay,castro_vis,castro,vis,11/14/2025,23:31:20,0,1,393
view,view,castro_vis,marina,vis,11/14/2025,23:31:20,0,2,393
gay,gay,castro_vis,castro,vis,11/14/2025,23:32:09,0,1,394
white,white,castro_vis,marina,vis,11/14/2025,23:32:09,0,2,394
gay,gay,castro_vis,castro,vis,11/14/2025,23:32:53,0,1,395
straight,straight,castro_vis,marina,vis,11/14/2025,23:32:53,0,2,395
fascinating,fascinating,mission_res,castro,res,11/14/2025,11:14:32,0,1,397
fascinating,fascinating,mission_res,mission,res,11/14/2025,11:14:32,0,2,397
there’s_always_something_to_do,active,mission_res,mission,res,11/14/2025,11:19:34,1,2,398
fun,fun,mission_res,castro,res,11/14/2025,11:19:34,0,1,398
the_hood,hood,mission_res,mission,res,11/14/2025,11:19:50,0,2,399
gay,gay,mission_res,castro,res,11/14/2025,11:19:50,0,1,399
spread_out,spread,mission_res,mission,res,11/14/2025,11:20:31,1,2,400
large,large,mission_res,castro,res,11/14/2025,11:20:31,1,1,400
nice,nice,mission_res,castro,res,11/14/2025,11:21:12,0,1,401
nice,nice,mission_res,mission,res,11/14/2025,11:21:12,0,2,401
rainbow,rainbow,mission_res,castro,res,11/14/2025,11:22:58,0,1,402
culture,culture,mission_res,mission,res,11/14/2025,11:22:58,0,2,402
na,antitask,mission_res,castro,res,11/14/2025,11:23:45,1,1,403
latino,latino,mission_res,mission,res,11/14/2025,11:23:45,0,2,403
gay,gay,mission_res,castro,res,11/14/2025,11:24:59,0,1,404
colorful,colorful,mission_res,mission,res,11/14/2025,11:24:59,1,2,404
active,active,mission_res,castro,res,11/14/2025,11:26:16,1,1,405
culture,culture,mission_res,mission,res,11/14/2025,11:26:16,1,2,405
mucho_vendeo,commercial,mission_res,mission,res,11/14/2025,11:30:55,1,2,406
no,no,mission_res,castro,res,11/14/2025,11:30:55,1,1,406
normal_(para_mi),normal,mission_res,castro,res,11/14/2025,11:31:53,1,1,407
tambien,tambien,mission_res,mission,res,11/14/2025,11:31:53,0,2,407
i_don’t_know,antitask,mission_res,mission,res,11/14/2025,11:32:14,1,2,408
gay,gay,mission_res,castro,res,11/14/2025,11:32:14,0,1,408
no_se,antitask,mission_res,castro,res,11/14/2025,11:34:23,1,1,409
cultural,cultural,mission_res,mission,res,11/14/2025,11:34:23,0,2,409
colorful,colorful,mission_res,castro,res,11/14/2025,11:35:59,1,1,410
hispanic,hispanic,mission_res,mission,res,11/14/2025,11:35:59,0,2,410
vibrant,vibrant,mission_res,castro,res,11/14/2025,11:36:19,1,1,411
same,vibrant,mission_res,mission,res,11/14/2025,11:36:19,0,2,411
no_me_gusta,bad,mission_res,castro,res,11/14/2025,11:38:46,0,1,412
un_poquito_mejor,better,mission_res,mission,res,11/14/2025,11:38:46,0,2,412
gay,gay,mission_res,castro,res,11/14/2025,11:40:38,0,1,413
fun,fun,mission_res,mission,res,11/14/2025,11:40:38,1,2,413
puede_estar_mas_limpia,dirty,mission_res,mission,res,11/14/2025,11:40:56,0,2,414
bien,bien,mission_res,castro,res,11/14/2025,11:40:56,0,1,414
fun,fun,mission_res,castro,res,11/14/2025,11:41:29,0,1,415
gritty,gritty,mission_res,mission,res,11/14/2025,11:41:29,1,2,415
igual_(cultural),cultural,mission_res,mission,res,11/14/2025,11:46:52,0,2,416
tranquilo,tranquilo,mission_res,castro,res,11/14/2025,11:46:52,0,1,416
lot_of_hispanics,hispanic,mission_res,mission,res,11/14/2025,11:47:26,1,2,417
colorful,colorful,mission_res,castro,res,11/14/2025,11:47:26,0,1,417
i_don’t_know_i_don’t_come_here_often,antitask,mission_res,mission,res,11/14/2025,11:49:29,1,2,418
fun,fun,mission_res,castro,res,11/14/2025,11:49:29,0,1,418
from_here_gentrified_(turned_out…_and_many_more_words),gentrified,mission_res,mission,res,11/14/2025,11:50:52,0,2,419
chill,chill,mission_res,castro,res,11/14/2025,11:50:52,1,1,419
famoso,famoso,mission_res,castro,res,11/14/2025,11:51:46,1,1,420
latinos,latino,mission_res,mission,res,11/14/2025,11:51:46,1,2,420
flamboyant,flamboyant,mission_res,castro,res,11/14/2025,11:52:59,0,1,421
cultural,cultural,mission_res,mission,res,11/14/2025,11:52:59,1,2,421
fun,fun,mission_res,castro,res,11/14/2025,11:57:24,0,1,422
food,food,mission_res,mission,res,11/14/2025,11:57:24,0,2,422
unique,unique,mission_res,castro,res,11/14/2025,11:59:36,0,1,423
culture,culture,mission_res,mission,res,11/14/2025,11:59:36,0,2,423
rainbow,rainbow,mission_res,castro,res,11/14/2025,12:00:30,0,1,424
fun,fun,mission_res,mission,res,11/14/2025,12:00:30,1,2,424
excelente,excelente,mission_res,castro,res,11/14/2025,12:03:16,0,1,425
igual,excelente,mission_res,mission,res,11/14/2025,12:03:16,0,2,425
rainbow,rainbow,mission_res,castro,res,11/14/2025,12:03:48,0,1,426
diverse,diverse,mission_res,mission,res,11/14/2025,12:03:48,1,2,426
peligroso,peligroso,mission_res,castro,res,11/14/2025,12:04:39,0,1,427
igual,peligroso,mission_res,mission,res,11/14/2025,12:04:39,0,2,427
no_se,antitask,mission_res,castro,res,11/14/2025,12:05:45,0,1,428
es_una_calle_principal_y_es_muy_bonita,pretty,mission_res,mission,res,11/14/2025,12:05:45,0,2,428
okay,okay,mission_res,castro,res,11/14/2025,12:07:18,1,1,429
bad,bad,mission_res,mission,res,11/14/2025,12:07:18,0,2,429
entertaining,entertaining,mission_res,castro,res,11/14/2025,12:07:57,0,1,430
food,food,mission_res,mission,res,11/14/2025,12:07:57,0,2,430
fun_and_cheap_drinks,fun,mission_res,castro,res,11/14/2025,12:08:25,0,1,431
colorful,colorful,mission_res,mission,res,11/14/2025,12:08:25,1,2,431
no_se_(es_una_calle_como_otra),street,mission_res,castro,res,11/14/2025,12:09:06,1,1,432
latinoamericana,latino,mission_res,mission,res,11/14/2025,12:09:06,1,2,432
where_the_latinos_used_to_live,latino,mission_res,mission,res,11/14/2025,12:10:36,0,2,433
lgbtqixyz,lgbtqixyz,mission_res,castro,res,11/14/2025,12:10:36,0,1,433
surprising,surprising,mission_res,castro,res,11/14/2025,12:10:50,0,1,434
warm,warm,mission_res,mission,res,11/14/2025,12:10:50,1,2,434
mucho_gay,gay,mission_res,castro,res,11/14/2025,12:12:31,0,1,435
mucho_latino_comida,latino,mission_res,mission,res,11/14/2025,12:12:31,0,2,435
distraerse_bares,bars,mission_res,castro,res,11/14/2025,12:13:39,0,1,436
latino,latino,mission_res,mission,res,11/14/2025,12:13:39,0,2,436
just_buildings,buildings,mission_res,mission,res,11/14/2025,12:13:43,0,2,437
fun,fun,mission_res,castro,res,11/14/2025,12:13:43,1,1,437
crowds,crowds,mission_res,castro,res,11/14/2025,12:15:56,0,1,438
food,food,mission_res,mission,res,11/14/2025,12:15:56,0,2,438
fun,fun,mission_res,castro,res,11/14/2025,12:16:53,0,1,439
fun,fun,mission_res,mission,res,11/14/2025,12:16:53,1,2,439
fun,fun,mission_res,castro,res,11/14/2025,12:18:26,0,1,440
fun,fun,mission_res,mission,res,11/14/2025,12:18:26,0,2,440
gay_pride,gay,mission_res,castro,res,11/14/2025,12:18:55,1,1,441
nothing,nothing,mission_res,mission,res,11/14/2025,12:18:55,0,2,441
pésimo_(cost),expensive,mission_res,castro,res,11/14/2025,12:20:43,0,1,442
pésimo_(cost),expensive,mission_res,mission,res,11/14/2025,12:20:43,0,2,442
historic,historic,mission_res,castro,res,11/14/2025,12:21:56,0,1,443
historic,historic,mission_res,mission,res,11/14/2025,12:21:56,0,2,443
vibrant,vibrant,mission_res,castro,res,11/14/2025,12:23:16,0,1,444
fun,fun,mission_res,mission,res,11/14/2025,12:23:16,0,2,444
gay,gay,mission_res,castro,res,11/14/2025,12:23:43,0,1,445
fun,fun,mission_res,mission,res,11/14/2025,12:23:43,1,2,445
gay,gay,mission_res,castro,res,11/14/2025,12:24:25,0,1,446
mexican,mexican,mission_res,mission,res,11/14/2025,12:24:25,0,2,446
gay,gay,mission_res,castro,res,11/14/2025,12:24:49,0,1,447
fun,fun,mission_res,mission,res,11/14/2025,12:24:49,0,2,447
gay,gay,mission_res,castro,res,11/14/2025,12:24:56,0,1,448
latino,latino,mission_res,mission,res,11/14/2025,12:24:56,0,2,448
multicultural,multicultural,mission_res,castro,res,11/14/2025,12:27:11,0,1,449
same,multicultural,mission_res,mission,res,11/14/2025,12:27:11,0,2,449
rainbow,rainbow,mission_res,castro,res,11/14/2025,12:27:36,0,1,450
diverse,diverse,mission_res,mission,res,11/14/2025,12:27:36,1,2,450
gay,gay,mission_res,castro,res,11/14/2025,12:28:09,0,1,451
latina/o,latino,mission_res,mission,res,11/14/2025,12:28:09,0,2,451
cultural,cultural,mission_res,castro,res,11/14/2025,12:28:11,0,1,452
food,food,mission_res,mission,res,11/14/2025,12:28:11,1,2,452
i_don’t_know,antitask,mission_res,mission,res,11/14/2025,12:30:11,1,2,453
gay,gay,mission_res,castro,res,11/14/2025,12:30:11,0,1,453
mas_peligroso,peligroso,mission_res,mission,res,11/14/2025,12:31:38,0,2,454
normal,normal,mission_res,castro,res,11/14/2025,12:31:38,0,1,454
fun,fun,mission_res,castro,res,11/14/2025,12:33:40,0,1,455
fun,fun,mission_res,mission,res,11/14/2025,12:33:40,1,2,455
fun,fun,mission_res,castro,res,11/14/2025,12:33:42,0,1,456
fun,fun,mission_res,mission,res,11/14/2025,12:33:42,0,2,456
tourists,tourists,mission_res,castro,res,11/14/2025,12:34:14,0,1,457
culture,culture,mission_res,mission,res,11/14/2025,12:34:14,0,2,457
gay,gay,mission_res,castro,res,11/14/2025,12:36:59,0,1,458
sunny,sunny,mission_res,mission,res,11/14/2025,12:36:59,0,2,458
people_go_for_a_fun_time,fun,mission_res,castro,res,11/14/2025,12:37:12,1,1,459
community,community,mission_res,mission,res,11/14/2025,12:37:12,0,2,459
gay,gay,mission_res,castro,res,11/14/2025,12:38:01,0,1,460
fun,fun,mission_res,mission,res,11/14/2025,12:38:01,1,2,460
i_don’t_come_here_often,antitask,mission_res,mission,res,11/14/2025,12:40:31,1,2,461
gay,gay,mission_res,castro,res,11/14/2025,12:40:31,0,1,461
vibrant,vibrant,mission_res,castro,res,11/14/2025,12:41:45,0,1,462
vibrant,vibrant,mission_res,mission,res,11/14/2025,12:41:45,0,2,462
cultural,cultural,mission_res,castro,res,11/14/2025,12:42:36,0,1,463
fun,fun,mission_res,mission,res,11/14/2025,12:42:36,0,2,463
flamboyant,flamboyant,mission_res,castro,res,11/14/2025,12:44:06,0,1,464
okay,okay,mission_res,mission,res,11/14/2025,12:44:06,1,2,464
i_don’t_know,antitask,mission_res,mission,res,11/14/2025,12:45:21,0,2,465
colorful,colorful,mission_res,castro,res,11/14/2025,12:45:21,0,1,465
rainbow,rainbow,mission_res,castro,res,11/14/2025,12:47:07,0,1,466
fun,fun,mission_res,mission,res,11/14/2025,12:47:07,1,2,466
gay,gay,mission_res,castro,res,11/14/2025,12:49:23,0,1,467
different,different,mission_res,mission,res,11/14/2025,12:49:23,1,2,467
i_don’t_know,antitask,mission_res,mission,res,11/14/2025,12:51:02,1,2,468
gay,gay,mission_res,castro,res,11/14/2025,12:51:02,0,1,468
colorful,colorful,mission_res,castro,res,11/14/2025,12:52:01,0,1,469
diverse,diverse,mission_res,mission,res,11/14/2025,12:52:01,1,2,469
fun,fun,mission_res,castro,res,11/14/2025,12:54:00,0,1,470
fun,fun,mission_res,mission,res,11/14/2025,12:54:00,0,2,470
even_more_fun,fun,mission_res,mission,res,11/14/2025,12:54:36,0,2,471
fun,fun,mission_res,castro,res,11/14/2025,12:54:36,0,1,471
wild,wild,mission_res,castro,res,11/14/2025,12:55:24,1,1,472
food,food,mission_res,mission,res,11/14/2025,12:55:24,0,2,472
gay,gay,mission_res,castro,res,11/14/2025,12:55:47,0,1,473
diverse,diverse,mission_res,mission,res,11/14/2025,12:55:47,1,2,473
no_tengo_mal_pensamiento,euphemism,mission_res,castro,res,11/14/2025,12:56:42,0,1,474
fue_muy_bonita_para_el_latino,latino,mission_res,mission,res,11/14/2025,12:56:42,0,2,474
gay,gay,mission_res,castro,res,11/14/2025,12:58:28,0,1,475
home,home,mission_res,mission,res,11/14/2025,12:58:28,0,2,475
gay,gay,mission_res,castro,res,11/14/2025,13:00:11,0,1,476
fun,fun,mission_res,mission,res,11/14/2025,13:00:11,0,2,476
gay,gay,mission_res,castro,res,11/14/2025,13:00:49,0,1,477
cultural,cultural,mission_res,mission,res,11/14/2025,13:00:49,0,2,477
gay,gay,mission_res,castro,vis,11/14/2025,20:45:05,0,1,478
food,food,mission_res,mission,vis,11/14/2025,20:45:05,0,2,478
multitude,multitude,castro_vis,castro,vis,11/14/2025,20:46:12,0,1,479
burrito,burrito,castro_vis,mission,vis,11/14/2025,20:46:12,0,2,479
gay,gay,castro_vis,castro,vis,11/14/2025,20:46:31,0,1,480
latina,latino,castro_vis,mission,vis,11/14/2025,20:46:31,0,2,480
fun,fun,castro_vis,castro,vis,11/14/2025,20:47:13,0,1,481
latin,latino,castro_vis,mission,vis,11/14/2025,20:47:13,0,2,481
gay,gay,castro_vis,castro,vis,11/14/2025,20:47:20,0,1,482
diverse,diverse,castro_vis,mission,vis,11/14/2025,20:47:20,0,2,482
gay,gay,castro_vis,castro,vis,11/14/2025,20:47:31,0,1,483
cultural,cultural,castro_vis,mission,vis,11/14/2025,20:47:31,0,2,483
vibrant,vibrant,castro_vis,castro,vis,11/14/2025,20:47:52,0,1,484
culture,culture,castro_vis,mission,vis,11/14/2025,20:47:52,0,2,484
gay,gay,castro_vis,castro,vis,11/14/2025,20:48:43,0,1,485
poop,poop,castro_vis,mission,vis,11/14/2025,20:48:43,0,2,485
touristy,tourists,castro_vis,castro,vis,11/14/2025,20:48:58,0,1,486
cultural,cultural,castro_vis,mission,vis,11/14/2025,20:48:58,0,2,486
helpful_historical,helpful,castro_vis,mission,vis,11/14/2025,20:49:20,0,2,487
queer,queer,castro_vis,castro,vis,11/14/2025,20:49:20,0,1,487
rainbow,rainbow,castro_vis,castro,vis,11/14/2025,20:49:36,0,1,488
hipster,hipster,castro_vis,mission,vis,11/14/2025,20:49:36,0,2,488
good_food,food,castro_vis,mission,vis,11/14/2025,20:50:02,0,2,489
fun,fun,castro_vis,castro,vis,11/14/2025,20:50:02,0,1,489
vibrant,vibrant,castro_vis,castro,vis,11/14/2025,20:50:13,0,1,490
wild,wild,castro_vis,mission,vis,11/14/2025,20:50:13,0,2,490
fun,fun,castro_vis,castro,vis,11/14/2025,20:51:12,0,1,491
fun,fun,castro_vis,mission,vis,11/14/2025,20:51:12,0,2,491
fun,fun,castro_vis,castro,vis,11/14/2025,20:51:28,0,1,492
fun,fun,castro_vis,mission,vis,11/14/2025,20:51:28,0,2,492
quaint,quaint,castro_vis,castro,vis,11/14/2025,20:51:46,0,1,493
na,antitask,castro_vis,mission,vis,11/14/2025,20:51:46,0,2,493
gay,gay,castro_vis,castro,vis,11/14/2025,20:52:12,0,1,494
latino,latino,castro_vis,mission,vis,11/14/2025,20:52:12,0,2,494
pretty_gay,gay,castro_vis,mission,vis,11/14/2025,20:52:29,0,2,495
gay,gay,castro_vis,castro,vis,11/14/2025,20:52:29,0,1,495
gay,gay,castro_vis,castro,vis,11/14/2025,20:53:21,0,1,496
young,young,castro_vis,mission,vis,11/14/2025,20:53:21,0,2,496
crowded,crowded,castro_vis,castro,vis,11/14/2025,20:53:29,0,1,497
dangerous,dangerous,castro_vis,mission,vis,11/14/2025,20:53:29,0,2,497
la_rasa,rasa,castro_vis,mission,vis,11/14/2025,20:54:30,0,2,498
gay,gay,castro_vis,castro,vis,11/14/2025,20:54:30,0,1,498
iconic,iconic,castro_vis,castro,vis,11/14/2025,20:54:40,0,1,499
home,home,castro_vis,mission,vis,11/14/2025,20:54:40,0,2,499
blended,blended,castro_vis,castro,vis,11/14/2025,20:55:20,0,1,500
spicy,spicy,castro_vis,mission,vis,11/14/2025,20:55:20,0,2,500
envigorating,envigorating,castro_vis,castro,vis,11/14/2025,20:56:08,0,1,501
culture,culture,castro_vis,mission,vis,11/14/2025,20:56:08,0,2,501
working_class,working_class,castro_vis,mission,vis,11/14/2025,20:57:00,0,2,502
eclectic,eclectic,castro_vis,castro,vis,11/14/2025,20:57:00,0,1,502
nice_beautiful_good_food,nice,castro_vis,mission,vis,11/14/2025,20:58:16,0,2,503
amazing,amazing,castro_vis,castro,vis,11/14/2025,20:58:16,0,1,503
lively,lively,castro_vis,castro,vis,11/14/2025,20:58:19,0,1,504
cultural,cultural,castro_vis,mission,vis,11/14/2025,20:58:19,0,2,504
gay,gay,castro_vis,castro,vis,11/14/2025,21:00:03,0,1,505
gritty,gritty,castro_vis,mission,vis,11/14/2025,21:00:03,0,2,505
open,open,castro_vis,castro,vis,11/14/2025,21:01:12,1,1,506
flamboyant,flamboyant,castro_vis,mission,vis,11/14/2025,21:01:12,1,2,506
vibrant,vibrant,castro_vis,castro,vis,11/14/2025,21:01:35,0,1,507
na,antitask,castro_vis,mission,vis,11/14/2025,21:01:35,0,2,507
lively,lively,castro_vis,castro,vis,11/14/2025,21:01:51,0,1,508
classic,classic,castro_vis,mission,vis,11/14/2025,21:01:51,0,2,508
gay,gay,castro_vis,castro,vis,11/14/2025,21:03:08,0,1,509
food,food,castro_vis,mission,vis,11/14/2025,21:03:08,0,2,509
lively,lively,castro_vis,castro,vis,11/14/2025,21:03:59,0,1,510
bars,bars,castro_vis,mission,vis,11/14/2025,21:03:59,0,2,510
gay,gay,castro_vis,castro,vis,11/14/2025,21:04:46,0,1,511
mexican,mexican,castro_vis,mission,vis,11/14/2025,21:04:46,0,2,511
political,political,castro_vis,castro,vis,11/14/2025,21:05:35,1,1,512
diverse,diverse,castro_vis,mission,vis,11/14/2025,21:05:35,0,2,512
alive,alive,castro_vis,castro,vis,11/14/2025,21:06:23,0,1,513
flamboyant,flamboyant,castro_vis,mission,vis,11/14/2025,21:06:23,1,2,513
gay,gay,castro_vis,castro,vis,11/14/2025,21:06:31,0,1,514
fun,fun,castro_vis,mission,vis,11/14/2025,21:06:31,0,2,514
gay,gay,castro_vis,castro,vis,11/14/2025,21:07:32,0,1,515
walking,walking,castro_vis,mission,vis,11/14/2025,21:07:32,0,2,515
gay,gay,castro_vis,castro,vis,11/14/2025,21:08:05,0,1,516
colorful,colorful,castro_vis,mission,vis,11/14/2025,21:08:05,0,2,516
gay_as_a_goose,gay,castro_vis,castro,vis,11/14/2025,21:08:42,0,1,517
español,español,castro_vis,mission,vis,11/14/2025,21:08:42,0,2,517
queer,queer,castro_vis,castro,vis,11/14/2025,21:08:58,0,1,518
hola,hola,castro_vis,mission,vis,11/14/2025,21:08:58,0,2,518
gay,gay,castro_vis,castro,vis,11/14/2025,21:09:19,0,1,519
culture,culture,castro_vis,mission,vis,11/14/2025,21:09:19,0,2,519
plain,plain,castro_vis,castro,vis,11/14/2025,21:10:10,0,1,520
food,food,castro_vis,mission,vis,11/14/2025,21:10:10,0,2,520
dead,dead,castro_vis,castro,vis,11/14/2025,21:12:01,0,1,521
na,antitask,castro_vis,mission,vis,11/14/2025,21:12:01,0,2,521
fun,fun,castro_vis,castro,vis,11/14/2025,21:12:14,0,1,522
chaotic,chaotic,castro_vis,mission,vis,11/14/2025,21:12:14,0,2,522
fun_and_diverse,fun,castro_vis,mission,vis,11/14/2025,21:13:32,0,2,523
festive,festive,castro_vis,castro,vis,11/14/2025,21:13:32,1,1,523
fun,fun,castro_vis,castro,vis,11/14/2025,21:14:07,0,1,524
fun,fun,castro_vis,mission,vis,11/14/2025,21:14:07,0,2,524
diverse,diverse,castro_vis,castro,vis,11/14/2025,21:14:50,0,1,525
diverse,diverse,castro_vis,mission,vis,11/14/2025,21:14:50,0,2,525
gay,gay,castro_vis,castro,vis,11/14/2025,21:15:39,0,1,526
mexican,mexican,castro_vis,mission,vis,11/14/2025,21:15:39,0,2,526
gay,gay,castro_vis,castro,vis,11/14/2025,21:16:55,0,1,527
culture,culture,castro_vis,mission,vis,11/14/2025,21:16:55,0,2,527
wild,wild,castro_vis,castro,vis,11/14/2025,21:16:57,0,1,528
chill,chill,castro_vis,mission,vis,11/14/2025,21:16:57,0,2,528
wondrous,wondrous,castro_vis,castro,vis,11/14/2025,21:19:04,0,1,529
fabulous,fabulous,castro_vis,mission,vis,11/14/2025,21:19:04,0,2,529
lively,lively,castro_vis,castro,vis,11/14/2025,21:20:01,0,1,530
cultural,cultural,castro_vis,mission,vis,11/14/2025,21:20:01,0,2,530
gay,gay,castro_vis,castro,vis,11/14/2025,21:20:08,0,1,531
hispanic,hispanic,castro_vis,mission,vis,11/14/2025,21:20:08,0,2,531
gay,gay,castro_vis,castro,vis,11/14/2025,21:21:22,0,1,532
artsy,artsy,castro_vis,mission,vis,11/14/2025,21:21:22,0,2,532
gay,gay,castro_vis,castro,vis,11/14/2025,21:21:25,0,1,533
alot,alot,castro_vis,mission,vis,11/14/2025,21:21:25,0,2,533
bountiful,bountiful,castro_vis,castro,vis,11/14/2025,21:22:19,0,1,534
pig,pig,castro_vis,mission,vis,11/14/2025,21:22:19,0,2,534
vibrant,vibrant,castro_vis,castro,vis,11/14/2025,21:23:31,0,1,535
multicultural,multicultural,castro_vis,mission,vis,11/14/2025,21:23:31,0,2,535
bright,bright,castro_vis,castro,vis,11/14/2025,21:23:59,1,1,536
burritos,burrito,castro_vis,mission,vis,11/14/2025,21:23:59,0,2,536
fun,fun,castro_vis,castro,vis,11/14/2025,21:24:49,0,1,537
edgy,edgy,castro_vis,mission,vis,11/14/2025,21:24:49,0,2,537
gay,gay,castro_vis,castro,vis,11/14/2025,21:25:39,0,1,538
intriguing,intriguing,castro_vis,mission,vis,11/14/2025,21:25:39,0,2,538
gay,gay,castro_vis,castro,vis,11/14/2025,21:25:53,0,1,539
authentic,authentic,castro_vis,mission,vis,11/14/2025,21:25:53,0,2,539
faggots,faggots,castro_vis,castro,vis,11/14/2025,21:26:24,0,1,540
mexicans,mexican,castro_vis,mission,vis,11/14/2025,21:26:24,0,2,540
gay,gay,castro_vis,castro,vis,11/14/2025,21:26:29,0,1,541
latinos,latino,castro_vis,mission,vis,11/14/2025,21:26:29,1,2,541
good_food,food,castro_vis,mission,vis,11/14/2025,21:26:56,0,2,542
fabulous,fabulous,castro_vis,castro,vis,11/14/2025,21:26:56,0,1,542
unique,unique,castro_vis,castro,vis,11/14/2025,21:27:24,0,1,543
expensive,expensive,castro_vis,mission,vis,11/14/2025,21:27:24,0,2,543
gay,gay,castro_vis,castro,vis,11/14/2025,21:28:01,0,1,544
cozy,cozy,castro_vis,mission,vis,11/14/2025,21:28:01,0,2,544
real,real,castro_vis,castro,vis,11/14/2025,21:28:08,0,1,545
grimy,grimy,castro_vis,mission,vis,11/14/2025,21:28:08,0,2,545
unity,unity,castro_vis,castro,vis,11/14/2025,21:28:15,1,1,546
gentrification,gentrified,castro_vis,mission,vis,11/14/2025,21:28:15,1,2,546
new,new,castro_vis,castro,vis,11/14/2025,21:28:59,0,1,547
colorful,colorful,castro_vis,mission,vis,11/14/2025,21:28:59,0,2,547
slut,slut,castro_vis,castro,vis,11/14/2025,21:30:06,0,1,548
gross,gross,castro_vis,mission,vis,11/14/2025,21:30:06,0,2,548
fun,fun,castro_vis,castro,vis,11/14/2025,21:30:30,0,1,549
delicious,delicious,castro_vis,mission,vis,11/14/2025,21:30:30,0,2,549
fun,fun,castro_vis,castro,vis,11/14/2025,21:31:19,0,1,550
delightful,delightful,castro_vis,mission,vis,11/14/2025,21:31:19,0,2,550
elaborate,elaborate,castro_vis,castro,vis,11/14/2025,21:32:09,0,1,551
extravagant,extravagant,castro_vis,mission,vis,11/14/2025,21:32:09,0,2,551
fun,fun,castro_vis,castro,vis,11/14/2025,21:32:50,0,1,552
amazing,amazing,castro_vis,mission,vis,11/14/2025,21:32:50,0,2,552
frisky,frisky,castro_vis,castro,vis,11/14/2025,21:33:11,0,1,553
fucking,fucking,castro_vis,mission,vis,11/14/2025,21:33:11,1,2,553
alive,alive,castro_vis,castro,vis,11/14/2025,21:33:24,0,1,554
festive,festive,castro_vis,mission,vis,11/14/2025,21:33:24,0,2,554
fabulous,fabulous,castro_vis,castro,vis,11/14/2025,21:33:52,0,1,555
cool,cool,castro_vis,mission,vis,11/14/2025,21:33:52,0,2,555
joyous,joyous,castro_vis,castro,vis,11/14/2025,21:35:00,0,1,556
chaotic,chaotic,castro_vis,mission,vis,11/14/2025,21:35:00,0,2,556
gay,gay,castro_vis,castro,vis,11/14/2025,21:36:48,0,1,557
fun,fun,castro_vis,mission,vis,11/14/2025,21:36:48,0,2,557
gay,gay,castro_vis,castro,res,11/14/2025,13:32:35,0,1,558
cozy,cozy,castro_vis,mission,res,11/14/2025,13:32:35,0,2,558
gay,gay,castro_res,castro,res,11/14/2025,13:35:49,0,1,559
washed,washed,castro_res,mission,res,11/14/2025,13:35:49,1,2,559
colorful,colorful,castro_res,castro,res,11/14/2025,13:37:34,0,1,560
grungy,grungy,castro_res,mission,res,11/14/2025,13:37:34,1,2,560
eclectic,eclectic,castro_res,castro,res,11/14/2025,13:38:34,0,1,561
flavorful,flavorful,castro_res,mission,res,11/14/2025,13:38:34,0,2,561
freedom,freedom,castro_res,castro,res,11/14/2025,13:40:18,0,1,562
bustling,bustling,castro_res,mission,res,11/14/2025,13:40:18,1,2,562
gay,gay,castro_res,castro,res,11/14/2025,13:41:15,0,1,563
hipster,hipster,castro_res,mission,res,11/14/2025,13:41:15,0,2,563
i_don't_know,antitask,castro_res,castro,res,11/14/2025,13:42:41,0,1,564
eclectic,eclectic,castro_res,mission,res,11/14/2025,13:42:41,0,2,564
“the_hippest_place_for_restaurants”,food,castro_res,mission,res,11/14/2025,13:43:52,0,2,565
gay,gay,castro_res,castro,res,11/14/2025,13:43:52,0,1,565
eclectic,eclectic,castro_res,castro,res,11/14/2025,13:46:23,0,1,566
soulful,soulful,castro_res,mission,res,11/14/2025,13:46:23,0,2,566
a_mess,mess,castro_res,mission,res,11/14/2025,13:46:35,0,2,567
beautiful,beautiful,castro_res,castro,res,11/14/2025,13:46:35,0,1,567
eclectic,eclectic,castro_res,castro,res,11/14/2025,13:47:20,0,1,568
real,real,castro_res,mission,res,11/14/2025,13:47:20,0,2,568
gay,gay,castro_res,castro,res,11/14/2025,13:50:04,0,1,569
sunny,sunny,castro_res,mission,res,11/14/2025,13:50:04,1,2,569
gay,gay,castro_res,castro,res,11/14/2025,13:50:16,0,1,570
foodie,foodie,castro_res,mission,res,11/14/2025,13:50:16,1,2,570
the_castro,castro,castro_res,castro,res,11/14/2025,13:51:21,0,1,571
they_are_particular,particular,castro_res,mission,res,11/14/2025,13:51:21,1,2,571
we_go_there_sometimes,antitask,castro_res,mission,res,11/14/2025,13:52:31,1,2,572
vibrant,vibrant,castro_res,castro,res,11/14/2025,13:52:31,0,1,572
i_don’t_know,antitask,castro_res,mission,res,11/14/2025,13:53:16,0,2,573
gay,gay,castro_res,castro,res,11/14/2025,13:53:16,0,1,573
i_don’t_go_there_often,antitask,castro_res,mission,res,11/14/2025,13:54:14,0,2,574
eclectic,eclectic,castro_res,castro,res,11/14/2025,13:54:14,0,1,574
good_neighborhood,good,castro_res,castro,res,11/14/2025,13:54:53,1,1,575
vibrant,vibrant,castro_res,mission,res,11/14/2025,13:54:53,0,2,575
fun,fun,castro_res,castro,res,11/14/2025,13:56:04,0,1,576
shopping,shopping,castro_res,mission,res,11/14/2025,13:56:04,0,2,576
good_food,food,castro_res,mission,res,11/14/2025,13:57:07,0,2,577
fun,fun,castro_res,castro,res,11/14/2025,13:57:07,0,1,577
gay,gay,castro_res,castro,res,11/14/2025,13:59:41,0,1,578
latino,latino,castro_res,mission,res,11/14/2025,13:59:41,0,2,578
fun,fun,castro_res,castro,res,11/14/2025,14:00:42,0,1,579
fun,fun,castro_res,mission,res,11/14/2025,14:00:42,1,2,579
sexual_(i'm_straight_but_it's_a_gay_world_and_i'm_living_in_it),sexual,castro_res,castro,res,11/14/2025,14:01:02,1,1,580
cultural,cultural,castro_res,mission,res,11/14/2025,14:01:02,0,2,580
gay,gay,castro_res,castro,res,11/14/2025,14:03:23,0,1,581
gentrified,gentrified,castro_res,mission,res,11/14/2025,14:03:23,1,2,581
vibrant,vibrant,castro_res,castro,res,11/14/2025,14:03:48,0,1,582
same,vibrant,castro_res,mission,res,11/14/2025,14:03:48,0,2,582
gay,gay,castro_res,castro,res,11/14/2025,14:04:43,0,1,583
gentrified,gentrified,castro_res,mission,res,11/14/2025,14:04:43,0,2,583
gay,gay,castro_res,castro,res,11/14/2025,14:05:41,0,1,584
latino,latino,castro_res,mission,res,11/14/2025,14:05:41,1,2,584
gay,gay,castro_res,castro,res,11/14/2025,14:06:25,0,1,585
hispanic,hispanic,castro_res,mission,res,11/14/2025,14:06:25,0,2,585
gay,gay,castro_res,castro,res,11/14/2025,14:07:09,0,1,586
multicultural,multicultural,castro_res,mission,res,11/14/2025,14:07:09,1,2,586
vibrant,vibrant,castro_res,castro,res,11/14/2025,14:09:23,0,1,587
warm,warm,castro_res,mission,res,11/14/2025,14:09:23,0,2,587
i_dont_have_a_word_the_mission_is_the_mission,antitask,castro_res,mission,res,11/14/2025,14:09:48,0,2,588
gayborhood,gayborhood,castro_res,castro,res,11/14/2025,14:09:48,0,1,588
gay,gay,castro_res,castro,res,11/14/2025,14:11:50,0,1,589
eclectic,eclectic,castro_res,mission,res,11/14/2025,14:11:50,0,2,589
gay,gay,castro_res,castro,res,11/14/2025,14:13:47,0,1,590
vibrant,vibrant,castro_res,mission,res,11/14/2025,14:13:47,0,2,590
gay,gay,castro_res,castro,res,11/14/2025,14:14:27,0,1,591
restaurants,restaurants,castro_res,mission,res,11/14/2025,14:14:27,0,2,591
gay,gay,castro_res,castro,res,11/14/2025,14:14:54,0,1,592
restaurants,restaurants,castro_res,mission,res,11/14/2025,14:14:54,0,2,592
community,community,castro_res,castro,res,11/14/2025,14:16:33,0,1,593
vibrant,vibrant,castro_res,mission,res,11/14/2025,14:16:33,0,2,593
fun,fun,castro_res,castro,res,11/14/2025,14:16:54,0,1,594
hot,hot,castro_res,mission,res,11/14/2025,14:16:54,0,2,594
idyllic,idyllic,castro_res,castro,res,11/14/2025,14:18:26,0,1,595
hipster,hipster,castro_res,mission,res,11/14/2025,14:18:26,0,2,595
migrants_latino,latino,castro_res,mission,res,11/14/2025,14:20:59,0,2,596
gay,gay,castro_res,castro,res,11/14/2025,14:20:59,0,1,596
eclectic,eclectic,castro_res,castro,res,11/14/2025,14:24:30,0,1,597
burritos,burrito,castro_res,mission,res,11/14/2025,14:24:30,0,2,597
community,community,castro_res,castro,res,11/14/2025,14:25:13,0,1,598
gentrified,gentrified,castro_res,mission,res,11/14/2025,14:25:13,0,2,598
even_more_vibrant,vibrant,castro_res,mission,res,11/14/2025,14:25:49,0,2,599
vibrant,vibrant,castro_res,castro,res,11/14/2025,14:25:49,0,1,599
fun,fun,castro_res,castro,res,11/14/2025,14:28:03,0,1,600
fun,fun,castro_res,mission,res,11/14/2025,14:28:03,0,2,600
electric,electric,castro_res,castro,res,11/14/2025,14:29:07,0,1,601
burrito,burrito,castro_res,mission,res,11/14/2025,14:29:07,0,2,601
i_don’t_know,antitask,castro_res,castro,res,11/14/2025,14:29:18,0,1,602
sunnier,sunnier,castro_res,mission,res,11/14/2025,14:29:18,1,2,602
everything,everything,castro_res,castro,res,11/14/2025,14:29:38,0,1,603
grungy,grungy,castro_res,mission,res,11/14/2025,14:29:38,0,2,603
lively,lively,castro_res,castro,res,11/14/2025,14:34:06,0,1,604
lively,lively,castro_res,mission,res,11/14/2025,14:34:06,0,2,604
gay,gay,castro_res,castro,res,11/14/2025,14:35:45,0,1,605
latino,latino,castro_res,mission,res,11/14/2025,14:35:45,0,2,605
neighborly,neighborly,castro_res,castro,res,11/14/2025,14:37:11,0,1,606
vibrant,vibrant,castro_res,mission,res,11/14/2025,14:37:11,0,2,606
not_new_york,antitask,castro_res,mission,res,11/14/2025,14:42:29,0,2,607
gayghborhood,gayborhood,castro_res,castro,res,11/14/2025,14:42:29,0,1,607
pleasant,pleasant,castro_res,castro,res,11/14/2025,14:44:15,0,1,608
colorful,colorful,castro_res,mission,res,11/14/2025,14:44:15,0,2,608
gay,gay,castro_res,castro,res,11/14/2025,14:46:03,0,1,609
flavorful,flavorful,castro_res,mission,res,11/14/2025,14:46:03,0,2,609
i_don't_go_there,antitask,castro_res,mission,res,11/14/2025,14:46:36,0,2,610
fun,fun,castro_res,castro,res,11/14/2025,14:46:36,0,1,610
gay,gay,castro_res,castro,res,11/14/2025,14:48:05,0,1,611
latine,latino,castro_res,mission,res,11/14/2025,14:48:05,0,2,611
fun,fun,castro_res,castro,res,11/14/2025,14:49:45,0,1,612
fun,fun,castro_res,mission,res,11/14/2025,14:49:45,0,2,612
colorful,colorful,castro_res,castro,res,11/14/2025,14:52:10,0,1,613
vibrant,vibrant,castro_res,mission,res,11/14/2025,14:52:10,0,2,613
super_gay,gay,castro_res,castro,res,11/14/2025,14:52:59,0,1,614
i_don't_know,antitask,castro_res,mission,res,11/14/2025,14:52:59,0,2,614
colorful,colorful,castro_res,castro,res,11/14/2025,14:53:10,0,1,615
hefty,hefty,castro_res,mission,res,11/14/2025,14:53:10,1,2,615
the_mission,the_mission,castro_res,mission,res,11/14/2025,14:54:28,0,2,616
colorful,colorful,castro_res,castro,res,11/14/2025,14:54:28,0,1,616
community,community,castro_res,castro,res,11/14/2025,14:55:29,0,1,617
eclectic,eclectic,castro_res,mission,res,11/14/2025,14:55:29,1,2,617
i_don't_know,antitask,castro_res,mission,res,11/14/2025,14:56:03,0,2,618
castro,castro,castro_res,castro,res,11/14/2025,14:56:03,0,1,618
colorful,colorful,castro_res,castro,res,11/14/2025,14:57:22,0,1,619
artsy,artsy,castro_res,mission,res,11/14/2025,14:57:22,0,2,619
a_mess,messy,castro_res,castro,res,11/14/2025,15:03:49,0,1,620
a_mess,messy,castro_res,mission,res,11/14/2025,15:03:49,0,2,620
gay,gay,castro_res,castro,res,11/14/2025,15:04:18,0,1,621
eclectic,eclectic,castro_res,mission,res,11/14/2025,15:04:18,0,2,621
even_more_lively,lively,castro_res,mission,res,11/14/2025,15:05:11,0,2,622
lively,lively,castro_res,castro,res,11/14/2025,15:05:11,0,1,622
gay,gay,castro_res,castro,res,11/14/2025,15:06:46,0,1,623
gentrified,gentrified,castro_res,mission,res,11/14/2025,15:06:46,0,2,623
home_(but_less_so),home,castro_res,mission,res,11/14/2025,15:06:49,0,2,624
home,home,castro_res,castro,res,11/14/2025,15:06:49,0,1,624
“beautiful_in_spanish”,beautiful,castro_res,mission,res,11/14/2025,15:09:12,1,2,625
colorful,colorful,castro_res,castro,res,11/14/2025,15:09:12,0,1,625
vibrant,vibrant,castro_res,castro,res,11/14/2025,15:11:10,0,1,626
active,active,castro_res,mission,res,11/14/2025,15:11:10,0,2,626
good,good,castro_res,castro,res,11/14/2025,15:12:31,0,1,627
fun,fun,castro_res,mission,res,11/14/2025,15:12:31,1,2,627
gay,gay,castro_res,castro,res,11/14/2025,15:13:26,0,1,628
fun,fun,castro_res,mission,res,11/14/2025,15:13:26,0,2,628
chaos,chaotic,castro_res,castro,res,11/14/2025,15:15:04,0,1,629
gentrified,gentrified,castro_res,mission,res,11/14/2025,15:15:04,0,2,629
colorful,colorful,castro_res,castro,res,11/14/2025,15:17:37,0,1,630
crowded,crowded,castro_res,mission,res,11/14/2025,15:17:37,0,2,630
dead,dead,castro_res,castro,res,11/14/2025,15:18:53,0,1,631
lively,lively,castro_res,mission,res,11/14/2025,15:18:53,0,2,631
fantastic,fantastic,castro_res,castro,res,11/14/2025,15:24:32,0,1,632
eclectic,eclectic,castro_res,mission,res,11/14/2025,15:24:32,0,2,632
warm,warm,castro_res,castro,res,11/14/2025,15:25:28,0,1,633
edgy,edgy,castro_res,mission,res,11/14/2025,15:25:28,0,2,633
good_food,food,castro_res,mission,res,11/14/2025,15:27:41,0,2,634
fun,fun,castro_res,castro,res,11/14/2025,15:27:41,0,1,634
friendly,friendly,castro_res,castro,res,11/14/2025,15:30:07,0,1,635
delicious,delicious,castro_res,mission,res,11/14/2025,15:30:07,1,2,635
heart_of_the_city,vibrant,castro_res,mission,res,11/14/2025,15:31:41,1,2,636
fun-loving,fun-loving,castro_res,castro,res,11/14/2025,15:31:41,0,1,636