fieldsite,category1,category2,response_site1,response_site2,slow1,slow2,date,collect_time
castro_res,diverse,normative,castro,marina,0.0,0.0,11/14/2025,15:20:51
castro_res,gay,normative,castro,marina,1.0,0.0,11/14/2025,15:24:01
castro_res,gay,normative,castro,marina,0.0,1.0,11/14/2025,15:35:56
castro_res,other,gentrified,castro,marina,1.0,0.0,11/14/2025,15:37:37
castro_res,diverse,gentrified,castro,marina,0.0,1.0,11/14/2025,16:05:23
castro_res,community,young,castro,marina,1.0,1.0,11/14/2025,16:06:02
castro_res,fun,boring,castro,marina,0.0,1.0,11/14/2025,16:06:11
castro_res,gay,gentrified,castro,marina,0.0,0.0,11/14/2025,16:06:40
castro_res,fun,bad,castro,marina,0.0,0.0,11/14/2025,16:07:11
castro_res,other,boring,castro,marina,0.0,0.0,11/14/2025,16:07:48
castro_res,fun,antitask,castro,marina,0.0,1.0,11/14/2025,16:08:30
castro_res,boring,boring,castro,marina,0.0,1.0,11/14/2025,16:09:06
castro_res,diverse,antitask,castro,marina,0.0,0.0,11/14/2025,16:10:02
castro_res,fun,gentrified,castro,marina,0.0,1.0,11/14/2025,16:10:39
castro_res,fun,normative,castro,marina,0.0,1.0,11/14/2025,16:10:57
castro_res,fun,antitask,castro,marina,0.0,1.0,11/14/2025,16:13:27
castro_res,open,nice,castro,marina,1.0,0.0,11/14/2025,16:14:00
castro_res,gay,normative,castro,marina,0.0,0.0,11/14/2025,16:14:08
castro_res,fun,other,castro,marina,0.0,1.0,11/14/2025,16:15:55
castro_res,community,antitask,castro,marina,0.0,1.0,11/14/2025,16:16:19
castro_res,gay,young,castro,marina,0.0,1.0,11/14/2025,16:16:25
castro_res,fun,other,castro,marina,0.0,1.0,11/14/2025,16:17:32
castro_res,diverse,antitask,castro,marina,0.0,0.0,11/14/2025,16:20:15
castro_res,diverse,gentrified,castro,marina,1.0,1.0,11/14/2025,16:20:30
castro_res,nice,antitask,castro,marina,0.0,0.0,11/14/2025,16:22:46
castro_res,gay,gentrified,castro,marina,1.0,0.0,11/14/2025,16:23:56
castro_res,nice,gentrified,castro,marina,0.0,0.0,11/14/2025,16:25:32
castro_res,fun,antitask,castro,marina,0.0,0.0,11/14/2025,16:26:38
castro_res,gay,other,castro,marina,0.0,1.0,11/14/2025,16:26:39
castro_res,fun,gentrified,castro,marina,0.0,0.0,11/14/2025,16:28:04
castro_res,fun,normative,castro,marina,0.0,0.0,11/14/2025,16:28:12
castro_res,fun,antitask,castro,marina,0.0,0.0,11/14/2025,16:28:45
castro_res,special,antitask,castro,marina,0.0,0.0,11/14/2025,16:29:58
castro_res,community,young,castro,marina,0.0,1.0,11/14/2025,16:30:11
castro_res,community,normative,castro,marina,0.0,1.0,11/14/2025,16:30:52
castro_res,gay,gentrified,castro,marina,0.0,1.0,11/14/2025,16:32:19
castro_res,fun,antitask,castro,marina,0.0,0.0,11/14/2025,16:33:00
castro_res,nice,bad,castro,marina,0.0,0.0,11/14/2025,16:33:26
castro_res,normative,boring,castro,marina,0.0,0.0,11/14/2025,16:33:45
castro_res,community,other,castro,marina,0.0,0.0,11/14/2025,16:38:15
castro_res,gay,young,castro,marina,0.0,1.0,11/14/2025,16:38:16
castro_res,bad,bad,castro,marina,0.0,0.0,11/14/2025,16:39:00
castro_res,community,geography,castro,marina,0.0,1.0,11/14/2025,16:39:13
castro_res,nice,boring,castro,marina,0.0,0.0,11/14/2025,16:39:37
castro_res,nice,nice,castro,marina,0.0,0.0,11/14/2025,16:41:08
castro_res,special,gentrified,castro,marina,0.0,1.0,11/14/2025,16:41:28
castro_res,community,bad,castro,marina,1.0,1.0,11/14/2025,16:44:22
castro_res,other,normative,castro,marina,0.0,1.0,11/14/2025,16:45:21
castro_res,fun,gentrified,castro,marina,1.0,0.0,11/14/2025,16:45:23
castro_res,gay,boring,castro,marina,0.0,0.0,11/14/2025,16:46:04
castro_res,community,geography,castro,marina,0.0,0.0,11/14/2025,16:46:25
castro_res,community,chaotic,castro,marina,0.0,1.0,11/14/2025,16:47:23
castro_res,other,boring,castro,marina,0.0,0.0,11/14/2025,16:50:01
castro_res,fun,antitask,castro,marina,0.0,0.0,11/14/2025,16:50:05
castro_res,fun,sexual,castro,marina,0.0,1.0,11/14/2025,16:51:48
castro_res,diverse,gentrified,castro,marina,0.0,0.0,11/14/2025,16:52:23
castro_res,nice,other,castro,marina,0.0,1.0,11/14/2025,16:52:28
castro_res,special,gentrified,castro,marina,0.0,1.0,11/14/2025,16:54:20
castro_res,fun,gentrified,castro,marina,0.0,0.0,11/14/2025,16:54:28
castro_res,fun,institutions,castro,marina,0.0,1.0,11/14/2025,16:55:56
castro_res,diverse,other,castro,marina,0.0,1.0,11/14/2025,16:57:09
castro_res,fun,gentrified,castro,marina,0.0,0.0,11/14/2025,16:58:26
castro_res,special,nice,castro,marina,0.0,1.0,11/14/2025,16:58:31
castro_res,fun,gentrified,castro,marina,0.0,1.0,11/14/2025,17:00:02
castro_res,fun,antitask,castro,marina,0.0,0.0,11/14/2025,17:00:10
castro_res,fun,antitask,castro,marina,0.0,0.0,11/14/2025,17:00:52
castro_res,fun,special,castro,marina,0.0,1.0,11/14/2025,17:00:55
castro_res,institutions,antitask,castro,marina,0.0,1.0,11/14/2025,17:01:58
castro_res,gay,gritty,castro,marina,0.0,0.0,11/14/2025,17:02:42
castro_res,fun,antitask,castro,marina,0.0,0.0,11/14/2025,17:03:22
castro_res,nice,normative,castro,marina,0.0,1.0,11/14/2025,17:03:38
castro_res,gay,gentrified,castro,marina,0.0,1.0,11/14/2025,17:04:56
castro_res,fun,nice,castro,marina,1.0,0.0,11/14/2025,17:05:35
castro_res,gay,normative,castro,marina,0.0,0.0,11/14/2025,17:06:53
castro_res,nice,fun,castro,marina,0.0,1.0,11/14/2025,17:08:50
castro_res,antitask,boring,castro,marina,0.0,1.0,11/14/2025,17:10:48
castro_res,community,antitask,castro,marina,0.0,0.0,11/14/2025,17:10:51
castro_res,nice,antitask,castro,marina,0.0,0.0,11/14/2025,17:11:30
castro_res,change,other,castro,marina,0.0,1.0,11/14/2025,17:12:13
castro_res,diverse,normative,castro,marina,0.0,1.0,11/14/2025,17:12:17
marina_res,community,antitask,marina,castro,1.0,0.0,11/17/2025,16:41:13
marina_res,gentrified,gay,marina,castro,0.0,0.0,11/17/2025,16:44:06
marina_res,fun,fun,marina,castro,0.0,0.0,11/17/2025,16:46:08
marina_res,bad,gay,marina,castro,0.0,0.0,11/17/2025,16:49:35
marina_res,geography,geography,marina,castro,0.0,0.0,11/17/2025,16:53:22
marina_res,geography,geography,marina,castro,0.0,0.0,11/17/2025,16:59:55
marina_res,gentrified,fun,marina,castro,0.0,1.0,11/17/2025,17:04:07
marina_res,boring,fun,marina,castro,1.0,0.0,11/17/2025,17:19:20
marina_res,geography,geography,marina,castro,0.0,0.0,11/17/2025,17:20:41
marina_res,gentrified,gay,marina,castro,1.0,0.0,11/17/2025,17:27:26
marina_res,community,antitask,marina,castro,0.0,0.0,11/17/2025,17:29:00
marina_res,gentrified,gay,marina,castro,0.0,0.0,11/17/2025,17:30:44
marina_res,young,gay,marina,castro,0.0,1.0,11/17/2025,17:32:20
marina_res,normative,open,marina,castro,1.0,1.0,11/17/2025,17:34:05
marina_res,nice,antitask,marina,castro,0.0,0.0,11/17/2025,17:38:07
marina_res,nice,fun,marina,castro,0.0,0.0,11/17/2025,17:39:16
marina_res,fun,antitask,marina,castro,0.0,0.0,11/17/2025,17:40:51
marina_res,fun,fun,marina,castro,0.0,0.0,11/17/2025,17:42:33
marina_res,nice,fun,marina,castro,1.0,1.0,11/17/2025,17:43:47
marina_res,other,antitask,marina,castro,1.0,0.0,11/17/2025,17:45:29
marina_res,fun,antitask,marina,castro,0.0,0.0,11/17/2025,17:45:43
marina_res,gentrified,antitask,marina,castro,0.0,0.0,11/17/2025,17:47:14
marina_res,other,fun,marina,castro,0.0,0.0,11/17/2025,17:47:37
marina_res,geography,community,marina,castro,0.0,1.0,11/17/2025,17:50:22
marina_res,normative,antitask,marina,castro,0.0,0.0,11/17/2025,17:53:15
marina_res,special,other,marina,castro,1.0,1.0,11/17/2025,17:54:17
marina_res,nice,other,marina,castro,0.0,0.0,11/17/2025,17:54:53
marina_res,gentrified,fun,marina,castro,0.0,1.0,11/19/2025,14:47:15
marina_res,fun,fun,marina,castro,0.0,0.0,11/19/2025,14:49:30
marina_res,gentrified,gay,marina,castro,0.0,0.0,11/19/2025,14:50:12
marina_res,nice,antitask,marina,castro,0.0,0.0,11/19/2025,14:51:25
marina_res,weather,antitask,marina,castro,1.0,0.0,11/19/2025,14:53:39
marina_res,young,change,marina,castro,1.0,1.0,11/19/2025,14:53:47
marina_res,young,gay,marina,castro,0.0,0.0,11/19/2025,14:54:13
marina_res,fun,diverse,marina,castro,1.0,0.0,11/19/2025,14:55:46
marina_res,other,gay,marina,castro,0.0,0.0,11/19/2025,14:56:36
marina_res,gentrified,gay,marina,castro,1.0,0.0,11/19/2025,14:57:16
marina_res,institutions,antitask,marina,castro,0.0,0.0,11/19/2025,15:01:30
marina_res,diverse,nice,marina,castro,0.0,0.0,11/19/2025,15:03:26
marina_res,other,antitask,marina,castro,0.0,0.0,11/19/2025,15:05:20
marina_res,normative,fun,marina,castro,0.0,0.0,11/19/2025,15:07:40
marina_res,nice,chaotic,marina,castro,0.0,0.0,11/19/2025,15:08:03
marina_res,chaotic,diverse,marina,castro,1.0,0.0,11/19/2025,15:08:45
marina_res,gentrified,gay,marina,castro,0.0,0.0,11/19/2025,15:08:49
marina_res,community,antitask,marina,castro,0.0,0.0,11/19/2025,15:10:17
marina_res,gentrified,diverse,marina,castro,0.0,0.0,11/19/2025,15:10:35
marina_res,boring,other,marina,castro,0.0,0.0,11/19/2025,15:11:20
marina_res,fun,fun,marina,castro,0.0,0.0,11/19/2025,15:11:55
marina_res,fun,diverse,marina,castro,0.0,1.0,11/19/2025,15:14:31
marina_res,gentrified,gay,marina,castro,0.0,1.0,11/19/2025,15:15:39
marina_res,special,fun,marina,castro,0.0,0.0,11/19/2025,15:15:41
marina_res,bad,boring,marina,castro,0.0,0.0,11/19/2025,15:17:15
marina_res,fun,other,marina,castro,0.0,1.0,11/19/2025,15:18:02
marina_res,actions,antitask,marina,castro,0.0,0.0,11/19/2025,15:18:57
marina_res,chaotic,fun,marina,castro,0.0,0.0,11/19/2025,15:20:09
marina_res,gentrified,gay,marina,castro,0.0,0.0,11/19/2025,15:20:45
marina_res,geography,antitask,marina,castro,0.0,0.0,11/19/2025,15:22:22
marina_res,nice,nice,marina,castro,0.0,0.0,11/19/2025,15:23:24
marina_res,nice,antitask,marina,castro,0.0,0.0,11/19/2025,15:24:23
marina_res,fun,antitask,marina,castro,0.0,0.0,11/19/2025,15:25:22
marina_res,gentrified,fun,marina,castro,0.0,0.0,11/19/2025,15:25:24
marina_res,other,antitask,marina,castro,0.0,1.0,11/19/2025,15:27:05
marina_res,geography,antitask,marina,castro,0.0,0.0,11/19/2025,15:29:49
marina_res,fun,fun,marina,castro,0.0,0.0,11/19/2025,15:30:34
marina_res,nice,gay,marina,castro,0.0,0.0,11/19/2025,15:31:38
marina_res,nice,gay,marina,castro,1.0,0.0,11/19/2025,15:33:04
marina_res,normative,boring,marina,castro,0.0,0.0,11/19/2025,15:37:31
marina_res,nice,gay,marina,castro,0.0,0.0,11/19/2025,15:38:06
marina_res,gentrified,fun,marina,castro,0.0,0.0,11/19/2025,15:39:06
marina_res,nice,antitask,marina,castro,0.0,0.0,11/19/2025,15:40:33
marina_res,community,antitask,marina,castro,0.0,0.0,11/19/2025,15:40:51
marina_res,normative,fun,marina,castro,0.0,0.0,11/19/2025,15:41:32
marina_res,other,gay,marina,castro,0.0,0.0,11/19/2025,15:41:52
marina_res,gentrified,antitask,marina,castro,0.0,0.0,11/19/2025,15:45:14
marina_res,normative,nice,marina,castro,0.0,0.0,11/19/2025,15:45:29
marina_res,fun,fun,marina,castro,0.0,0.0,11/19/2025,15:46:37
marina_res,geography,gay,marina,castro,0.0,0.0,11/19/2025,15:47:24
marina_res,nice,antitask,marina,castro,0.0,0.0,11/19/2025,15:47:51
marina_res,nice,fun,marina,castro,1.0,0.0,11/19/2025,15:49:19
mission_res,gentrified,gay,mission,castro,1.0,1.0,11/11/2025,14:41:44
mission_res,bad,gay,mission,castro,0.0,0.0,11/11/2025,14:43:42
mission_res,chaotic,fun,mission,castro,0.0,0.0,11/11/2025,14:44:20
mission_res,nice,geography,mission,castro,0.0,0.0,11/11/2025,14:45:22
mission_res,nice,nice,mission,castro,1.0,0.0,11/11/2025,14:46:57
mission_res,special,gay,mission,castro,0.0,0.0,11/11/2025,14:47:08
mission_res,diverse,gay,mission,castro,1.0,0.0,11/11/2025,14:48:37
mission_res,nice,gay,mission,castro,1.0,0.0,11/11/2025,14:49:52
mission_res,gritty,nice,mission,castro,1.0,1.0,11/11/2025,14:50:39
mission_res,other,diverse,mission,castro,1.0,0.0,11/11/2025,14:51:19
mission_res,nice,nice,mission,castro,0.0,0.0,11/11/2025,14:51:50
mission_res,diverse,fun,mission,castro,0.0,0.0,11/11/2025,14:52:40
mission_res,fun,fun,mission,castro,0.0,1.0,11/11/2025,14:55:43
mission_res,diverse,gay,mission,castro,0.0,0.0,11/11/2025,14:55:50
mission_res,fun,fun,mission,castro,1.0,0.0,11/11/2025,14:56:01
mission_res,fun,diverse,mission,castro,1.0,0.0,11/11/2025,14:58:28
mission_res,fun,fun,mission,castro,0.0,0.0,11/11/2025,14:59:11
mission_res,diverse,fun,mission,castro,0.0,0.0,11/11/2025,15:00:49
mission_res,other,gay,mission,castro,1.0,0.0,11/11/2025,15:01:28
mission_res,special,antitask,mission,castro,0.0,0.0,11/11/2025,15:03:34
mission_res,special,diverse,mission,castro,1.0,0.0,11/11/2025,15:04:02
mission_res,special,open,mission,castro,1.0,1.0,11/11/2025,15:04:53
mission_res,nice,nice,mission,castro,0.0,0.0,11/11/2025,15:05:25
mission_res,gritty,gay,mission,castro,0.0,1.0,11/11/2025,15:06:18
mission_res,community,fun,mission,castro,0.0,1.0,11/11/2025,15:06:23
mission_res,special,other,mission,castro,0.0,0.0,11/11/2025,15:08:17
mission_res,weather,diverse,mission,castro,1.0,1.0,11/11/2025,15:08:54
mission_res,latino,gay,mission,castro,0.0,0.0,11/11/2025,15:09:33
mission_res,gentrified,gay,mission,castro,0.0,0.0,11/11/2025,15:09:56
mission_res,special,antitask,mission,castro,0.0,0.0,11/11/2025,15:11:00
mission_res,nice,nice,mission,castro,0.0,0.0,11/11/2025,15:12:34
mission_res,fun,nice,mission,castro,0.0,0.0,11/11/2025,15:13:41
mission_res,diverse,gay,mission,castro,0.0,1.0,11/11/2025,15:14:45
mission_res,special,open,mission,castro,1.0,0.0,11/11/2025,15:15:09
mission_res,diverse,fun,mission,castro,1.0,1.0,11/11/2025,15:16:25
mission_res,fun,fun,mission,castro,0.0,0.0,11/11/2025,15:17:18
mission_res,special,special,mission,castro,0.0,0.0,11/11/2025,15:19:51
mission_res,gentrified,gentrified,mission,castro,0.0,0.0,11/11/2025,15:21:14
mission_res,latino,other,mission,castro,0.0,1.0,11/11/2025,15:22:20
mission_res,nice,gay,mission,castro,1.0,0.0,11/11/2025,15:25:04
mission_res,nice,nice,mission,castro,0.0,0.0,11/11/2025,15:26:01
mission_res,nice,chaotic,mission,castro,0.0,0.0,11/11/2025,15:28:46
mission_res,fun,fun,mission,castro,0.0,0.0,11/11/2025,15:30:57
mission_res,nice,nice,mission,castro,0.0,0.0,11/11/2025,15:36:33
mission_res,fun,diverse,mission,castro,0.0,0.0,11/11/2025,15:37:13
mission_res,fun,nice,mission,castro,0.0,1.0,11/11/2025,15:37:23
mission_res,community,special,mission,castro,0.0,0.0,11/11/2025,15:38:12
mission_res,other,diverse,mission,castro,0.0,1.0,11/11/2025,15:39:16
mission_res,gritty,gay,mission,castro,1.0,0.0,11/11/2025,15:40:07
mission_res,latino,other,mission,castro,1.0,1.0,11/11/2025,15:42:45
mission_res,fun,fun,mission,castro,0.0,0.0,11/11/2025,15:44:14
mission_res,diverse,gentrified,mission,castro,1.0,1.0,11/11/2025,15:45:44
mission_res,diverse,fun,mission,castro,0.0,0.0,11/11/2025,15:46:07
mission_res,latino,other,mission,castro,0.0,1.0,11/11/2025,15:48:21
mission_res,community,geography,mission,castro,1.0,1.0,11/11/2025,15:48:50
mission_res,special,gay,mission,castro,0.0,0.0,11/11/2025,15:49:48
mission_res,special,fun,mission,castro,0.0,0.0,11/11/2025,15:50:22
mission_res,latino,community,mission,castro,1.0,1.0,11/11/2025,15:51:30
mission_res,other,fun,mission,castro,0.0,1.0,11/11/2025,15:52:25
mission_res,community,community,mission,castro,1.0,0.0,11/11/2025,15:53:26
mission_res,diverse,fun,mission,castro,1.0,0.0,11/11/2025,15:55:06
mission_res,latino,gay,mission,castro,0.0,0.0,11/11/2025,15:55:14
mission_res,diverse,diverse,mission,castro,1.0,0.0,11/11/2025,15:56:02
mission_res,nice,nice,mission,castro,1.0,1.0,11/11/2025,15:56:47
mission_res,fun,fun,mission,castro,0.0,1.0,11/11/2025,15:57:49
mission_res,fun,special,mission,castro,0.0,0.0,11/11/2025,15:58:08
mission_res,fun,fun,mission,castro,0.0,0.0,11/11/2025,15:58:51
mission_res,gritty,nice,mission,castro,0.0,1.0,11/11/2025,15:59:00
mission_res,geography,gay,mission,castro,0.0,0.0,11/11/2025,15:59:47
mission_res,special,diverse,mission,castro,0.0,0.0,11/11/2025,16:01:27
mission_res,diverse,diverse,mission,castro,0.0,0.0,11/11/2025,16:02:05
mission_res,diverse,fun,mission,castro,0.0,0.0,11/11/2025,16:03:12
mission_res,latino,community,mission,castro,0.0,1.0,11/11/2025,16:04:16
mission_res,nice,fun,mission,castro,0.0,0.0,11/11/2025,16:05:02
mission_res,fun,boring,mission,castro,0.0,0.0,11/11/2025,16:05:42
mission_res,special,other,mission,castro,1.0,1.0,11/11/2025,16:06:20
mission_res,fun,gay,mission,castro,0.0,0.0,11/11/2025,16:06:40
mission_res,community,community,mission,castro,0.0,1.0,11/11/2025,16:08:51
mission_res,latino,sexual,mission,castro,0.0,1.0,11/11/2025,16:09:33
mission_res,community,nice,mission,castro,1.0,0.0,11/11/2025,16:10:15
mission_res,fun,community,mission,castro,0.0,0.0,11/11/2025,16:10:45
mission_res,special,nice,mission,castro,1.0,1.0,11/11/2025,16:12:57
mission_res,fun,fun,mission,castro,1.0,1.0,11/11/2025,16:14:43
mission_res,fun,gay,mission,castro,0.0,0.0,11/11/2025,16:14:53
marina_res,gay,gentrified,castro,marina,0.0,0.0,11/17/2025,16:41:36
marina_res,fun,other,castro,marina,1.0,0.0,11/17/2025,16:42:35
marina_res,gay,geography,castro,marina,0.0,0.0,11/17/2025,16:43:02
marina_res,gay,boring,castro,marina,0.0,0.0,11/17/2025,16:45:53
marina_res,fun,nice,castro,marina,0.0,0.0,11/17/2025,16:47:10
marina_res,geography,geography,castro,marina,0.0,0.0,11/17/2025,16:47:36
marina_res,fun,actions,castro,marina,0.0,0.0,11/17/2025,16:48:08
marina_res,gay,normative,castro,marina,0.0,0.0,11/17/2025,16:48:31
marina_res,fun,fun,castro,marina,1.0,1.0,11/17/2025,16:48:58
marina_res,gay,normative,castro,marina,0.0,0.0,11/17/2025,16:50:22
marina_res,antitask,gentrified,castro,marina,1.0,1.0,11/17/2025,16:51:17
marina_res,institutions,institutions,castro,marina,0.0,1.0,11/17/2025,16:52:17
marina_res,nice,change,castro,marina,0.0,0.0,11/17/2025,16:53:27
marina_res,gay,other,castro,marina,1.0,0.0,11/17/2025,16:55:47
marina_res,other,young,castro,marina,0.0,0.0,11/17/2025,16:56:45
marina_res,fun,chaotic,castro,marina,0.0,0.0,11/17/2025,17:00:09
marina_res,gay,other,castro,marina,0.0,0.0,11/17/2025,17:01:40
marina_res,gay,other,castro,marina,0.0,0.0,11/17/2025,17:02:08
marina_res,diverse,young,castro,marina,0.0,0.0,11/17/2025,17:03:00
marina_res,institutions,other,castro,marina,0.0,1.0,11/17/2025,17:04:34
marina_res,gay,gentrified,castro,marina,0.0,0.0,11/17/2025,17:05:27
marina_res,antitask,fun,castro,marina,0.0,0.0,11/17/2025,17:07:37
marina_res,other,other,castro,marina,0.0,0.0,11/17/2025,17:09:16
marina_res,fun,geography,castro,marina,0.0,0.0,11/17/2025,17:09:55
marina_res,gay,young,castro,marina,0.0,0.0,11/17/2025,17:10:52
marina_res,gay,gentrified,castro,marina,0.0,0.0,11/17/2025,17:12:52
marina_res,geography,gentrified,castro,marina,1.0,0.0,11/17/2025,17:15:08
marina_res,gay,nice,castro,marina,0.0,0.0,11/17/2025,17:17:53
marina_res,fun,boring,castro,marina,0.0,0.0,11/17/2025,17:18:43
marina_res,fun,normative,castro,marina,0.0,0.0,11/17/2025,17:20:07
marina_res,institutions,other,castro,marina,0.0,0.0,11/17/2025,17:21:13
marina_res,institutions,geography,castro,marina,1.0,1.0,11/17/2025,17:22:02
marina_res,fun,institutions,castro,marina,0.0,1.0,11/17/2025,17:27:17
marina_res,gay,gentrified,castro,marina,0.0,0.0,11/17/2025,17:28:32
marina_res,gay,normative,castro,marina,0.0,1.0,11/17/2025,17:33:27
marina_res,boring,fun,castro,marina,0.0,0.0,11/17/2025,17:39:06
marina_res,gay,normative,castro,marina,0.0,0.0,11/17/2025,17:40:22
marina_res,other,actions,castro,marina,0.0,0.0,11/17/2025,17:45:20
marina_res,gay,normative,castro,marina,0.0,0.0,11/17/2025,17:46:05
marina_res,gay,antitask,castro,marina,0.0,0.0,11/17/2025,17:48:01
marina_res,gay,normative,castro,marina,0.0,0.0,11/17/2025,17:58:41
marina_res,institutions,fun,castro,marina,0.0,0.0,11/19/2025,15:51:47
marina_res,antitask,actions,castro,marina,0.0,0.0,11/19/2025,15:55:19
marina_res,gay,other,castro,marina,0.0,0.0,11/19/2025,16:00:00
marina_res,gay,normative,castro,marina,0.0,0.0,11/19/2025,16:01:50
marina_res,special,nice,castro,marina,1.0,0.0,11/19/2025,16:02:46
marina_res,fun,young,castro,marina,0.0,0.0,11/19/2025,16:05:46
marina_res,gay,normative,castro,marina,0.0,0.0,11/19/2025,16:10:17
marina_res,fun,nice,castro,marina,0.0,0.0,11/19/2025,16:13:24
marina_res,antitask,gentrified,castro,marina,0.0,0.0,11/19/2025,16:18:19
marina_res,gay,gentrified,castro,marina,0.0,0.0,11/19/2025,16:20:44
marina_res,gay,gentrified,castro,marina,0.0,0.0,11/19/2025,16:22:13
marina_res,gay,gentrified,castro,marina,0.0,0.0,11/19/2025,16:23:17
marina_res,gay,gentrified,castro,marina,0.0,0.0,11/19/2025,16:24:01
marina_res,fun,diverse,castro,marina,0.0,0.0,11/19/2025,16:24:38
marina_res,fun,young,castro,marina,0.0,0.0,11/19/2025,16:25:16
marina_res,diverse,nice,castro,marina,0.0,0.0,11/19/2025,16:27:57
marina_res,fun,normative,castro,marina,0.0,0.0,11/19/2025,16:29:44
marina_res,gay,gentrified,castro,marina,0.0,0.0,11/19/2025,16:30:04
marina_res,fun,normative,castro,marina,0.0,0.0,11/19/2025,16:31:05
marina_res,fun,nice,castro,marina,0.0,0.0,11/19/2025,16:31:18
marina_res,nice,nice,castro,marina,0.0,0.0,11/19/2025,16:35:19
marina_res,antitask,geography,castro,marina,0.0,0.0,11/19/2025,16:36:18
marina_res,fun,gentrified,castro,marina,0.0,1.0,11/19/2025,16:38:20
marina_res,antitask,nice,castro,marina,0.0,0.0,11/19/2025,16:39:08
marina_res,fun,fun,castro,marina,0.0,0.0,11/19/2025,16:41:52
marina_res,fun,chaotic,castro,marina,0.0,0.0,11/19/2025,16:42:31
marina_res,antitask,other,castro,marina,0.0,0.0,11/19/2025,16:43:44
marina_res,fun,young,castro,marina,0.0,0.0,11/19/2025,16:45:00
marina_res,fun,geography,castro,marina,0.0,1.0,11/19/2025,16:48:33
marina_res,gay,gentrified,castro,marina,0.0,0.0,11/19/2025,16:51:02
marina_res,antitask,nice,castro,marina,0.0,0.0,11/19/2025,16:54:58
marina_res,fun,nice,castro,marina,0.0,0.0,11/19/2025,16:56:59
castro_vis,fun,bad,castro,marina,0.0,0.0,11/14/2025,21:40:18
castro_vis,fun,community,castro,marina,0.0,0.0,11/14/2025,22:28:01
castro_vis,special,other,castro,marina,0.0,0.0,11/14/2025,22:32:43
castro_vis,fun,normative,castro,marina,0.0,0.0,11/14/2025,22:41:03
castro_vis,nice,nice,castro,marina,0.0,0.0,11/14/2025,22:41:48
castro_vis,fun,normative,castro,marina,0.0,0.0,11/14/2025,22:43:12
castro_vis,fun,latino,castro,marina,0.0,0.0,11/14/2025,22:44:25
castro_vis,boring,antitask,castro,marina,0.0,0.0,11/14/2025,22:44:29
castro_vis,gay,weather,castro,marina,0.0,0.0,11/14/2025,22:45:06
castro_vis,fun,boring,castro,marina,0.0,0.0,11/14/2025,22:45:10
castro_vis,other,other,castro,marina,0.0,0.0,11/14/2025,22:45:43
castro_vis,open,bad,castro,marina,0.0,0.0,11/14/2025,22:46:04
castro_vis,gay,gentrified,castro,marina,0.0,0.0,11/14/2025,22:46:20
castro_vis,gay,normative,castro,marina,0.0,1.0,11/14/2025,22:46:53
castro_vis,fun,normative,castro,marina,0.0,0.0,11/14/2025,22:47:24
castro_vis,fun,nice,castro,marina,0.0,0.0,11/14/2025,22:49:49
castro_vis,boring,other,castro,marina,0.0,0.0,11/14/2025,22:49:54
castro_vis,gay,gentrified,castro,marina,0.0,0.0,11/14/2025,22:50:21
castro_vis,gay,normative,castro,marina,0.0,0.0,11/14/2025,22:50:43
castro_vis,fun,boring,castro,marina,0.0,0.0,11/14/2025,22:50:56
castro_vis,fun,other,castro,marina,0.0,0.0,11/14/2025,22:51:29
castro_vis,geography,geography,castro,marina,0.0,0.0,11/14/2025,22:51:41
castro_vis,gay,normative,castro,marina,0.0,0.0,11/14/2025,22:52:03
castro_vis,special,normative,castro,marina,0.0,0.0,11/14/2025,22:52:49
castro_vis,gay,normative,castro,marina,0.0,0.0,11/14/2025,22:53:14
castro_vis,gay,normative,castro,marina,0.0,0.0,11/14/2025,22:53:24
castro_vis,gay,normative,castro,marina,0.0,0.0,11/14/2025,22:54:02
castro_vis,gay,antitask,castro,marina,0.0,0.0,11/14/2025,22:54:28
castro_vis,chaotic,bad,castro,marina,0.0,0.0,11/14/2025,22:54:32
castro_vis,gay,gentrified,castro,marina,0.0,0.0,11/14/2025,22:55:08
castro_vis,gay,nice,castro,marina,0.0,0.0,11/14/2025,22:56:02
castro_vis,fun,antitask,castro,marina,0.0,0.0,11/14/2025,22:56:19
castro_vis,gay,gay,castro,marina,0.0,0.0,11/14/2025,22:56:29
castro_vis,gay,gentrified,castro,marina,0.0,0.0,11/14/2025,22:57:37
castro_vis,community,gritty,castro,marina,0.0,0.0,11/14/2025,22:58:11
castro_vis,gay,nice,castro,marina,0.0,0.0,11/14/2025,22:59:23
castro_vis,community,normative,castro,marina,0.0,0.0,11/14/2025,23:00:10
castro_vis,fun,bad,castro,marina,0.0,0.0,11/14/2025,23:01:49
castro_vis,other,nice,castro,marina,0.0,0.0,11/14/2025,23:02:09
castro_vis,nice,normative,castro,marina,0.0,0.0,11/14/2025,23:02:35
castro_vis,chaotic,boring,castro,marina,0.0,0.0,11/14/2025,23:03:06
castro_vis,gay,normative,castro,marina,0.0,0.0,11/14/2025,23:04:48
castro_vis,gay,normative,castro,marina,0.0,0.0,11/14/2025,23:05:18
castro_vis,gay,gentrified,castro,marina,0.0,0.0,11/14/2025,23:06:13
castro_vis,fun,gentrified,castro,marina,0.0,0.0,11/14/2025,23:07:41
castro_vis,gay,gentrified,castro,marina,0.0,0.0,11/14/2025,23:07:53
castro_vis,gay,normative,castro,marina,0.0,0.0,11/14/2025,23:10:43
castro_vis,gay,gentrified,castro,marina,0.0,0.0,11/14/2025,23:10:48
castro_vis,gay,normative,castro,marina,0.0,0.0,11/14/2025,23:11:47
castro_vis,community,gentrified,castro,marina,0.0,0.0,11/14/2025,23:11:56
castro_vis,gay,boring,castro,marina,0.0,0.0,11/14/2025,23:12:48
castro_vis,fun,normative,castro,marina,0.0,0.0,11/14/2025,23:12:52
castro_vis,fun,gentrified,castro,marina,0.0,0.0,11/14/2025,23:13:36
castro_vis,fun,other,castro,marina,0.0,0.0,11/14/2025,23:14:03
castro_vis,gay,bad,castro,marina,0.0,0.0,11/14/2025,23:14:17
castro_vis,chaotic,normative,castro,marina,0.0,0.0,11/14/2025,23:15:42
castro_vis,geography,antitask,castro,marina,0.0,0.0,11/14/2025,23:15:42
castro_vis,chaotic,gentrified,castro,marina,0.0,0.0,11/14/2025,23:16:26
castro_vis,nice,fun,castro,marina,0.0,0.0,11/14/2025,23:16:36
castro_vis,fun,bad,castro,marina,1.0,0.0,11/14/2025,23:18:06
castro_vis,gay,normative,castro,marina,0.0,0.0,11/14/2025,23:18:58
castro_vis,fun,bad,castro,marina,0.0,0.0,11/14/2025,23:19:01
castro_vis,fun,young,castro,marina,0.0,0.0,11/14/2025,23:19:56
castro_vis,chaotic,bad,castro,marina,0.0,0.0,11/14/2025,23:20:25
castro_vis,chaotic,chaotic,castro,marina,0.0,0.0,11/14/2025,23:21:59
castro_vis,chaotic,normative,castro,marina,0.0,0.0,11/14/2025,23:22:48
castro_vis,gay,geography,castro,marina,0.0,0.0,11/14/2025,23:22:51
castro_vis,gay,fun,castro,marina,0.0,0.0,11/14/2025,23:23:28
castro_vis,nice,gentrified,castro,marina,0.0,0.0,11/14/2025,23:25:01
castro_vis,nice,other,castro,marina,0.0,0.0,11/14/2025,23:25:17
castro_vis,gay,normative,castro,marina,0.0,0.0,11/14/2025,23:26:08
castro_vis,fun,boring,castro,marina,0.0,0.0,11/14/2025,23:26:59
castro_vis,change,other,castro,marina,0.0,0.0,11/14/2025,23:27:13
castro_vis,nice,boring,castro,marina,0.0,0.0,11/14/2025,23:28:03
castro_vis,fun,gentrified,castro,marina,0.0,0.0,11/14/2025,23:28:35
castro_vis,fun,normative,castro,marina,0.0,0.0,11/14/2025,23:29:07
castro_vis,boring,antitask,castro,marina,0.0,0.0,11/14/2025,23:30:36
castro_vis,gay,geography,castro,marina,0.0,0.0,11/14/2025,23:31:20
castro_vis,gay,normative,castro,marina,0.0,0.0,11/14/2025,23:32:09
castro_vis,gay,normative,castro,marina,0.0,0.0,11/14/2025,23:32:53
mission_res,special,special,castro,mission,0.0,0.0,11/14/2025,11:14:32
mission_res,fun,fun,castro,mission,0.0,1.0,11/14/2025,11:19:34
mission_res,gay,gritty,castro,mission,0.0,0.0,11/14/2025,11:19:50
mission_res,geography,geography,castro,mission,1.0,1.0,11/14/2025,11:20:31
mission_res,nice,nice,castro,mission,0.0,0.0,11/14/2025,11:21:12
mission_res,gay,diverse,castro,mission,0.0,0.0,11/14/2025,11:22:58
mission_res,antitask,latino,castro,mission,1.0,0.0,11/14/2025,11:23:45
mission_res,gay,diverse,castro,mission,0.0,1.0,11/14/2025,11:24:59
mission_res,fun,diverse,castro,mission,1.0,1.0,11/14/2025,11:26:16
mission_res,antitask,gentrified,castro,mission,1.0,1.0,11/14/2025,11:30:55
mission_res,normative,normative,castro,mission,1.0,0.0,11/14/2025,11:31:53
mission_res,gay,antitask,castro,mission,0.0,1.0,11/14/2025,11:32:14
mission_res,antitask,diverse,castro,mission,1.0,0.0,11/14/2025,11:34:23
mission_res,diverse,latino,castro,mission,1.0,0.0,11/14/2025,11:35:59
mission_res,fun,fun,castro,mission,1.0,0.0,11/14/2025,11:36:19
mission_res,bad,other,castro,mission,0.0,0.0,11/14/2025,11:38:46
mission_res,gay,fun,castro,mission,0.0,1.0,11/14/2025,11:40:38
mission_res,nice,gritty,castro,mission,0.0,0.0,11/14/2025,11:40:56
mission_res,fun,gritty,castro,mission,0.0,1.0,11/14/2025,11:41:29
mission_res,nice,diverse,castro,mission,0.0,0.0,11/14/2025,11:46:52
mission_res,diverse,latino,castro,mission,0.0,1.0,11/14/2025,11:47:26
mission_res,fun,antitask,castro,mission,0.0,1.0,11/14/2025,11:49:29
mission_res,nice,gentrified,castro,mission,1.0,0.0,11/14/2025,11:50:52
mission_res,special,latino,castro,mission,1.0,1.0,11/14/2025,11:51:46
mission_res,gay,diverse,castro,mission,0.0,1.0,11/14/2025,11:52:59
mission_res,fun,food,castro,mission,0.0,0.0,11/14/2025,11:57:24
mission_res,other,diverse,castro,mission,0.0,0.0,11/14/2025,11:59:36
mission_res,gay,fun,castro,mission,0.0,1.0,11/14/2025,12:00:30
mission_res,fun,fun,castro,mission,0.0,0.0,11/14/2025,12:03:16
mission_res,gay,diverse,castro,mission,0.0,1.0,11/14/2025,12:03:48
mission_res,gritty,gritty,castro,mission,0.0,0.0,11/14/2025,12:04:39
mission_res,antitask,nice,castro,mission,0.0,0.0,11/14/2025,12:05:45
mission_res,other,bad,castro,mission,1.0,0.0,11/14/2025,12:07:18
mission_res,fun,food,castro,mission,0.0,0.0,11/14/2025,12:07:57
mission_res,fun,diverse,castro,mission,0.0,1.0,11/14/2025,12:08:25
mission_res,geography,latino,castro,mission,1.0,1.0,11/14/2025,12:09:06
mission_res,gay,latino,castro,mission,0.0,0.0,11/14/2025,12:10:36
mission_res,special,nice,castro,mission,0.0,1.0,11/14/2025,12:10:50
mission_res,gay,latino,castro,mission,0.0,0.0,11/14/2025,12:12:31
mission_res,institutions,latino,castro,mission,0.0,0.0,11/14/2025,12:13:39
mission_res,fun,institutions,castro,mission,1.0,0.0,11/14/2025,12:13:43
mission_res,chaotic,food,castro,mission,0.0,0.0,11/14/2025,12:15:56
mission_res,fun,fun,castro,mission,0.0,1.0,11/14/2025,12:16:53
mission_res,fun,fun,castro,mission,0.0,0.0,11/14/2025,12:18:26
mission_res,gay,antitask,castro,mission,1.0,0.0,11/14/2025,12:18:55
mission_res,gentrified,gentrified,castro,mission,0.0,0.0,11/14/2025,12:20:43
mission_res,special,special,castro,mission,0.0,0.0,11/14/2025,12:21:56
mission_res,fun,fun,castro,mission,0.0,0.0,11/14/2025,12:23:16
mission_res,gay,fun,castro,mission,0.0,1.0,11/14/2025,12:23:43
mission_res,gay,latino,castro,mission,0.0,0.0,11/14/2025,12:24:25
mission_res,gay,fun,castro,mission,0.0,0.0,11/14/2025,12:24:49
mission_res,gay,latino,castro,mission,0.0,0.0,11/14/2025,12:24:56
mission_res,diverse,diverse,castro,mission,0.0,0.0,11/14/2025,12:27:11
mission_res,gay,diverse,castro,mission,0.0,1.0,11/14/2025,12:27:36
mission_res,gay,latino,castro,mission,0.0,0.0,11/14/2025,12:28:09
mission_res,diverse,food,castro,mission,0.0,1.0,11/14/2025,12:28:11
mission_res,gay,antitask,castro,mission,0.0,1.0,11/14/2025,12:30:11
mission_res,normative,gritty,castro,mission,0.0,0.0,11/14/2025,12:31:38
mission_res,fun,fun,castro,mission,0.0,1.0,11/14/2025,12:33:40
mission_res,fun,fun,castro,mission,0.0,0.0,11/14/2025,12:33:42
mission_res,other,diverse,castro,mission,0.0,0.0,11/14/2025,12:34:14
mission_res,gay,weather,castro,mission,0.0,0.0,11/14/2025,12:36:59
mission_res,fun,community,castro,mission,1.0,0.0,11/14/2025,12:37:12
mission_res,gay,fun,castro,mission,0.0,1.0,11/14/2025,12:38:01
mission_res,gay,antitask,castro,mission,0.0,1.0,11/14/2025,12:40:31
mission_res,fun,fun,castro,mission,0.0,0.0,11/14/2025,12:41:45
mission_res,diverse,fun,castro,mission,0.0,0.0,11/14/2025,12:42:36
mission_res,gay,other,castro,mission,0.0,1.0,11/14/2025,12:44:06
mission_res,diverse,antitask,castro,mission,0.0,0.0,11/14/2025,12:45:21
mission_res,gay,fun,castro,mission,0.0,1.0,11/14/2025,12:47:07
mission_res,gay,diverse,castro,mission,0.0,1.0,11/14/2025,12:49:23
mission_res,gay,antitask,castro,mission,0.0,1.0,11/14/2025,12:51:02
mission_res,diverse,diverse,castro,mission,0.0,1.0,11/14/2025,12:52:01
mission_res,fun,fun,castro,mission,0.0,0.0,11/14/2025,12:54:00
mission_res,fun,fun,castro,mission,0.0,0.0,11/14/2025,12:54:36
mission_res,chaotic,food,castro,mission,1.0,0.0,11/14/2025,12:55:24
mission_res,gay,diverse,castro,mission,0.0,1.0,11/14/2025,12:55:47
mission_res,other,latino,castro,mission,0.0,0.0,11/14/2025,12:56:42
mission_res,gay,community,castro,mission,0.0,0.0,11/14/2025,12:58:28
mission_res,gay,fun,castro,mission,0.0,0.0,11/14/2025,13:00:11
mission_res,gay,diverse,castro,mission,0.0,0.0,11/14/2025,13:00:49
mission_res,gay,food,castro,mission,0.0,0.0,11/14/2025,20:45:05
castro_vis,diverse,food,castro,mission,0.0,0.0,11/14/2025,20:46:12
castro_vis,gay,latino,castro,mission,0.0,0.0,11/14/2025,20:46:31
castro_vis,fun,latino,castro,mission,0.0,0.0,11/14/2025,20:47:13
castro_vis,gay,diverse,castro,mission,0.0,0.0,11/14/2025,20:47:20
castro_vis,gay,diverse,castro,mission,0.0,0.0,11/14/2025,20:47:31
castro_vis,fun,diverse,castro,mission,0.0,0.0,11/14/2025,20:47:52
castro_vis,gay,gritty,castro,mission,0.0,0.0,11/14/2025,20:48:43
castro_vis,other,diverse,castro,mission,0.0,0.0,11/14/2025,20:48:58
castro_vis,gay,community,castro,mission,0.0,0.0,11/14/2025,20:49:20
castro_vis,gay,gentrified,castro,mission,0.0,0.0,11/14/2025,20:49:36
castro_vis,fun,food,castro,mission,0.0,0.0,11/14/2025,20:50:02
castro_vis,fun,chaotic,castro,mission,0.0,0.0,11/14/2025,20:50:13
castro_vis,fun,fun,castro,mission,0.0,0.0,11/14/2025,20:51:12
castro_vis,fun,fun,castro,mission,0.0,0.0,11/14/2025,20:51:28
castro_vis,nice,antitask,castro,mission,0.0,0.0,11/14/2025,20:51:46
castro_vis,gay,latino,castro,mission,0.0,0.0,11/14/2025,20:52:12
castro_vis,gay,gay,castro,mission,0.0,0.0,11/14/2025,20:52:29
castro_vis,gay,young,castro,mission,0.0,0.0,11/14/2025,20:53:21
castro_vis,chaotic,gritty,castro,mission,0.0,0.0,11/14/2025,20:53:29
castro_vis,gay,other,castro,mission,0.0,0.0,11/14/2025,20:54:30
castro_vis,special,community,castro,mission,0.0,0.0,11/14/2025,20:54:40
castro_vis,diverse,diverse,castro,mission,0.0,0.0,11/14/2025,20:55:20
castro_vis,fun,diverse,castro,mission,0.0,0.0,11/14/2025,20:56:08
castro_vis,special,other,castro,mission,0.0,0.0,11/14/2025,20:57:00
castro_vis,fun,nice,castro,mission,0.0,0.0,11/14/2025,20:58:16
castro_vis,fun,diverse,castro,mission,0.0,0.0,11/14/2025,20:58:19
castro_vis,gay,gritty,castro,mission,0.0,0.0,11/14/2025,21:00:03
castro_vis,open,gay,castro,mission,1.0,1.0,11/14/2025,21:01:12
castro_vis,fun,antitask,castro,mission,0.0,0.0,11/14/2025,21:01:35
castro_vis,fun,special,castro,mission,0.0,0.0,11/14/2025,21:01:51
castro_vis,gay,food,castro,mission,0.0,0.0,11/14/2025,21:03:08
castro_vis,fun,institutions,castro,mission,0.0,0.0,11/14/2025,21:03:59
castro_vis,gay,latino,castro,mission,0.0,0.0,11/14/2025,21:04:46
castro_vis,open,diverse,castro,mission,1.0,0.0,11/14/2025,21:05:35
castro_vis,nice,gay,castro,mission,0.0,1.0,11/14/2025,21:06:23
castro_vis,gay,fun,castro,mission,0.0,0.0,11/14/2025,21:06:31
castro_vis,gay,actions,castro,mission,0.0,0.0,11/14/2025,21:07:32
castro_vis,gay,diverse,castro,mission,0.0,0.0,11/14/2025,21:08:05
castro_vis,gay,latino,castro,mission,0.0,0.0,11/14/2025,21:08:42
castro_vis,gay,latino,castro,mission,0.0,0.0,11/14/2025,21:08:58
castro_vis,gay,diverse,castro,mission,0.0,0.0,11/14/2025,21:09:19
castro_vis,normative,food,castro,mission,0.0,0.0,11/14/2025,21:10:10
castro_vis,boring,antitask,castro,mission,0.0,0.0,11/14/2025,21:12:01
castro_vis,fun,chaotic,castro,mission,0.0,0.0,11/14/2025,21:12:14
castro_vis,fun,fun,castro,mission,1.0,0.0,11/14/2025,21:13:32
castro_vis,fun,fun,castro,mission,0.0,0.0,11/14/2025,21:14:07
castro_vis,diverse,diverse,castro,mission,0.0,0.0,11/14/2025,21:14:50
castro_vis,gay,latino,castro,mission,0.0,0.0,11/14/2025,21:15:39
castro_vis,gay,diverse,castro,mission,0.0,0.0,11/14/2025,21:16:55
castro_vis,chaotic,nice,castro,mission,0.0,0.0,11/14/2025,21:16:57
castro_vis,nice,gay,castro,mission,0.0,0.0,11/14/2025,21:19:04
castro_vis,fun,diverse,castro,mission,0.0,0.0,11/14/2025,21:20:01
castro_vis,gay,latino,castro,mission,0.0,0.0,11/14/2025,21:20:08
castro_vis,gay,special,castro,mission,0.0,0.0,11/14/2025,21:21:22
castro_vis,gay,chaotic,castro,mission,0.0,0.0,11/14/2025,21:21:25
castro_vis,sexual,other,castro,mission,0.0,0.0,11/14/2025,21:22:19
castro_vis,fun,diverse,castro,mission,0.0,0.0,11/14/2025,21:23:31
castro_vis,nice,food,castro,mission,1.0,0.0,11/14/2025,21:23:59
castro_vis,fun,gritty,castro,mission,0.0,0.0,11/14/2025,21:24:49
castro_vis,gay,special,castro,mission,0.0,0.0,11/14/2025,21:25:39
castro_vis,gay,special,castro,mission,0.0,0.0,11/14/2025,21:25:53
castro_vis,gay,latino,castro,mission,0.0,0.0,11/14/2025,21:26:24
castro_vis,gay,latino,castro,mission,0.0,1.0,11/14/2025,21:26:29
castro_vis,gay,food,castro,mission,0.0,0.0,11/14/2025,21:26:56
castro_vis,other,gentrified,castro,mission,0.0,0.0,11/14/2025,21:27:24
castro_vis,gay,nice,castro,mission,0.0,0.0,11/14/2025,21:28:01
castro_vis,special,gritty,castro,mission,0.0,0.0,11/14/2025,21:28:08
castro_vis,community,gentrified,castro,mission,1.0,1.0,11/14/2025,21:28:15
castro_vis,change,diverse,castro,mission,0.0,0.0,11/14/2025,21:28:59
castro_vis,sexual,bad,castro,mission,0.0,0.0,11/14/2025,21:30:06
castro_vis,fun,food,castro,mission,0.0,0.0,11/14/2025,21:30:30
castro_vis,fun,fun,castro,mission,0.0,0.0,11/14/2025,21:31:19
castro_vis,other,gentrified,castro,mission,0.0,0.0,11/14/2025,21:32:09
castro_vis,fun,fun,castro,mission,0.0,0.0,11/14/2025,21:32:50
castro_vis,sexual,sexual,castro,mission,0.0,1.0,11/14/2025,21:33:11
castro_vis,nice,fun,castro,mission,0.0,0.0,11/14/2025,21:33:24
castro_vis,gay,nice,castro,mission,0.0,0.0,11/14/2025,21:33:52
castro_vis,fun,chaotic,castro,mission,0.0,0.0,11/14/2025,21:35:00
castro_vis,gay,fun,castro,mission,0.0,0.0,11/14/2025,21:36:48
castro_vis,gay,nice,castro,mission,0.0,0.0,11/14/2025,13:32:35
castro_res,gay,normative,castro,mission,0.0,1.0,11/14/2025,13:35:49
castro_res,diverse,gritty,castro,mission,0.0,1.0,11/14/2025,13:37:34
castro_res,special,diverse,castro,mission,0.0,0.0,11/14/2025,13:38:34
castro_res,open,chaotic,castro,mission,0.0,1.0,11/14/2025,13:40:18
castro_res,gay,gentrified,castro,mission,0.0,0.0,11/14/2025,13:41:15
castro_res,antitask,special,castro,mission,0.0,0.0,11/14/2025,13:42:41
castro_res,gay,food,castro,mission,0.0,0.0,11/14/2025,13:43:52
castro_res,special,special,castro,mission,0.0,0.0,11/14/2025,13:46:23
castro_res,nice,chaotic,castro,mission,0.0,0.0,11/14/2025,13:46:35
castro_res,special,special,castro,mission,0.0,0.0,11/14/2025,13:47:20
castro_res,gay,weather,castro,mission,0.0,1.0,11/14/2025,13:50:04
castro_res,gay,food,castro,mission,0.0,1.0,11/14/2025,13:50:16
castro_res,geography,special,castro,mission,0.0,1.0,11/14/2025,13:51:21
castro_res,fun,antitask,castro,mission,0.0,1.0,11/14/2025,13:52:31
castro_res,gay,antitask,castro,mission,0.0,0.0,11/14/2025,13:53:16
castro_res,special,antitask,castro,mission,0.0,0.0,11/14/2025,13:54:14
castro_res,nice,fun,castro,mission,1.0,0.0,11/14/2025,13:54:53
castro_res,fun,gentrified,castro,mission,0.0,0.0,11/14/2025,13:56:04
castro_res,fun,food,castro,mission,0.0,0.0,11/14/2025,13:57:07
castro_res,gay,latino,castro,mission,0.0,0.0,11/14/2025,13:59:41
castro_res,fun,fun,castro,mission,0.0,1.0,11/14/2025,14:00:42
castro_res,sexual,diverse,castro,mission,1.0,0.0,11/14/2025,14:01:02
castro_res,gay,gentrified,castro,mission,0.0,1.0,11/14/2025,14:03:23
castro_res,fun,fun,castro,mission,0.0,0.0,11/14/2025,14:03:48
castro_res,gay,gentrified,castro,mission,0.0,0.0,11/14/2025,14:04:43
castro_res,gay,latino,castro,mission,0.0,1.0,11/14/2025,14:05:41
castro_res,gay,latino,castro,mission,0.0,0.0,11/14/2025,14:06:25
castro_res,gay,diverse,castro,mission,0.0,1.0,11/14/2025,14:07:09
castro_res,fun,nice,castro,mission,0.0,0.0,11/14/2025,14:09:23
castro_res,gay,antitask,castro,mission,0.0,0.0,11/14/2025,14:09:48
castro_res,gay,special,castro,mission,0.0,0.0,11/14/2025,14:11:50
castro_res,gay,fun,castro,mission,0.0,0.0,11/14/2025,14:13:47
castro_res,gay,other,castro,mission,0.0,0.0,11/14/2025,14:14:27
castro_res,gay,other,castro,mission,0.0,0.0,11/14/2025,14:14:54
castro_res,community,fun,castro,mission,0.0,0.0,11/14/2025,14:16:33
castro_res,fun,weather,castro,mission,0.0,0.0,11/14/2025,14:16:54
castro_res,nice,gentrified,castro,mission,0.0,0.0,11/14/2025,14:18:26
castro_res,gay,latino,castro,mission,0.0,0.0,11/14/2025,14:20:59
castro_res,special,food,castro,mission,0.0,0.0,11/14/2025,14:24:30
castro_res,community,gentrified,castro,mission,0.0,0.0,11/14/2025,14:25:13
castro_res,fun,fun,castro,mission,0.0,0.0,11/14/2025,14:25:49
castro_res,fun,fun,castro,mission,0.0,0.0,11/14/2025,14:28:03
castro_res,fun,food,castro,mission,0.0,0.0,11/14/2025,14:29:07
castro_res,antitask,weather,castro,mission,0.0,1.0,11/14/2025,14:29:18
castro_res,other,gritty,castro,mission,0.0,0.0,11/14/2025,14:29:38
castro_res,fun,fun,castro,mission,0.0,0.0,11/14/2025,14:34:06
castro_res,gay,latino,castro,mission,0.0,0.0,11/14/2025,14:35:45
castro_res,community,fun,castro,mission,0.0,0.0,11/14/2025,14:37:11
castro_res,gay,antitask,castro,mission,0.0,0.0,11/14/2025,14:42:29
castro_res,nice,diverse,castro,mission,0.0,0.0,11/14/2025,14:44:15
castro_res,gay,diverse,castro,mission,0.0,0.0,11/14/2025,14:46:03
castro_res,fun,antitask,castro,mission,0.0,0.0,11/14/2025,14:46:36
castro_res,gay,latino,castro,mission,0.0,0.0,11/14/2025,14:48:05
castro_res,fun,fun,castro,mission,0.0,0.0,11/14/2025,14:49:45
castro_res,diverse,fun,castro,mission,0.0,0.0,11/14/2025,14:52:10
castro_res,gay,antitask,castro,mission,0.0,0.0,11/14/2025,14:52:59
castro_res,diverse,geography,castro,mission,0.0,1.0,11/14/2025,14:53:10
castro_res,diverse,geography,castro,mission,0.0,0.0,11/14/2025,14:54:28
castro_res,community,special,castro,mission,0.0,1.0,11/14/2025,14:55:29
castro_res,geography,antitask,castro,mission,0.0,0.0,11/14/2025,14:56:03
castro_res,diverse,special,castro,mission,0.0,0.0,11/14/2025,14:57:22
castro_res,chaotic,chaotic,castro,mission,0.0,0.0,11/14/2025,15:03:49
castro_res,gay,special,castro,mission,0.0,0.0,11/14/2025,15:04:18
castro_res,fun,fun,castro,mission,0.0,0.0,11/14/2025,15:05:11
castro_res,gay,gentrified,castro,mission,0.0,0.0,11/14/2025,15:06:46
castro_res,community,community,castro,mission,0.0,0.0,11/14/2025,15:06:49
castro_res,diverse,nice,castro,mission,0.0,1.0,11/14/2025,15:09:12
castro_res,fun,fun,castro,mission,0.0,0.0,11/14/2025,15:11:10
castro_res,nice,fun,castro,mission,0.0,1.0,11/14/2025,15:12:31
castro_res,gay,fun,castro,mission,0.0,0.0,11/14/2025,15:13:26
castro_res,chaotic,gentrified,castro,mission,0.0,0.0,11/14/2025,15:15:04
castro_res,diverse,chaotic,castro,mission,0.0,0.0,11/14/2025,15:17:37
castro_res,boring,fun,castro,mission,0.0,0.0,11/14/2025,15:18:53
castro_res,fun,special,castro,mission,0.0,0.0,11/14/2025,15:24:32
castro_res,nice,gritty,castro,mission,0.0,0.0,11/14/2025,15:25:28
castro_res,fun,food,castro,mission,0.0,0.0,11/14/2025,15:27:41
castro_res,other,food,castro,mission,0.0,1.0,11/14/2025,15:30:07
castro_res,fun,fun,castro,mission,0.0,1.0,11/14/2025,15:31:41